name,stream_url,homepage,country,language,tags,codec,bitrate
	Blasmusikradio mit Bernd,https://stream.laut.fm/blasmusikradio_mit_bernd,https://laut.fm/blasmusikradio_mit_bernd,Germany,german,"blasmusik,folk,marsch,polka",MP3,128
	psyradio * fm - progressive,http://streamer.psyradio.org:8010/;listen.mp3,http://psyradio.fm/,Germany,,"progressive,psychedelic,psytrance",MP3,128
	WDR Sportschau - 2. Fussball Bundesliga-Konferenz LIVE,http://wdr-sportschau-liga2konferenz.icecastssl.wdr.de/wdr/sportschau/liga2konferenz/mp3/high,http://wdr.de/,Germany,,,MP3,128
 	ROCKANTENNE Alternative (mp3),https://stream.rockantenne.de/alternative/stream/mp3,https://www.rockantenne.de/,Germany,german,,MP3,128
 - 100 % - HANDSUP <3 - Non-stop 140 BPM,https://club-high.rautemusik.fm/?ref=radiobrowser-100-handsup,https://rm.fm/club,Germany,"english,german","140bpm,dj,dj sets,hands up,handsup,handsup! rave oldscool 90s 00s 10s trance techno,hardstyle,hardstyle/handsup/edm,radio,rave,techno",MP3,192
" - DJ & CLUB CHARTS ---> Club Classics, Festival-Hits, Remixes, Single Charts, Mashups, DJ Sets, Club Edits, Dancefloor, Underground, Nightlife, Party Anthems, Ibiza, Miami, Clubbing, Festival, Remix, Mashup, DJ, EDM,  RAVE, Dance, Urban, Latin, Beachclub, Lounge",https://breakz-2012-high.rautemusik.fm/?ref=rb-djclubcharts,https://breakz.fm/trackliste/,Germany,"english,german","#bewirbdich!,#mashup,beach,best music,brandnew,charts,chillout+lounge,club,clubbing,community radio,dance smashes,dj,dj remix,dj sets,edm,edm radioshows,hard techno,hiphop,hits,hot ac,houseparty,ibiza,ibiza classics,ibiza club,lounge,mashup,minimal techno,non-stop music,party,partycharts,promodj,radio,rave,remixed,singlecharts,sunset,tech house,techno,top 100,top 40,top charts,top hits,underground,urban",MP3,192
" - NEUERSCHEINUNGEN - Radio Charts - DJ Charts - Club Charts - Top 100 - Top 40 Club - Pop, Hip-Hop, Dance, EDM, House, Techno, R&B, Trap, Reggaeton, Afrobeat, Indie-Pop, Tropical House, Future Bass, Electro Swing, Synthwave, Deep House, Progressive House, Vocal House, DJ Sets, Remix, Mashup, Dancefloor, Festival-Hits, Club-Hits, Nightlife, Underground.",https://breakz-high.rautemusik.fm/?ref=rb-neuerscheinungen,https://www.breakz.fm/,Germany,"english,german","chillout,club,club dance,dj,dj sets,electro sets,electronic dance music,future bass,house,ibiza,mashup,non-stop music,pop,pop dance,pop music,promodj,radiocharts,remixes,soul,sunset,tech house,techhouse,top 100,top 40,top charts,top club,top hits,top100,top40",MP3,192
 Bremen Zwei NEU,https://icecast.radiobremen.de/rb/bremenzwei/live/mp3/128/stream.mp3,https://www.bremenzwei.de/,Germany,german,"ard,culture,information,public radio,radio bremen",MP3,128
 Techno Lovers FM Vocal Trance,https://stream.technolovers.fm/vocal-trance,https://technolovers.fm/,Germany,german,electro,MP3,192
__12PUNKS.FM__ by rautemusik (rm.fm),https://12punks-high.rautemusik.fm/?ref=radiobrowser,https://www.rm.fm/12punks,Germany,german,"alternativ rock,classic rock,heavy metal,metal,new rock,punk,rock,rock hits,soft rock",MP3,192
__80S__ by rautemusik (rm.fm),https://80s-high.rautemusik.fm/?ref=radiobrowser,https://www.rm.fm/80s,Germany,"english,german","1980s,80,80's,80er,80s,golden oldies,goldies,oldies",MP3,192
__90S__ by rautemusik (rm.fm),https://90s-high.rautemusik.fm/?ref=radiobrowser,https://www.rm.fm/90s,Germany,german,"1990s,90er,90s,dance,eurodance,hiphop,hits,oldies,pop,rap,rm.fm",MP3,192
__BASS__ by rautemusik (rm.fm),https://bass-high.rautemusik.fm/?ref=radiobrowser,https://www.rm.fm/bass,Germany,"english,german","chilled trap,drum & bass,drum 'n' bass,drum and bass,hip-hop,hiphop,liquid trap,rap hiphop rnb,trap",MP3,192
__BEST OF SCHLAGER__ by rautemusik (rm.fm),https://best-of-schlager-high.rautemusik.fm/?ref=radiobrowser,https://www.rm.fm/best-of-schlager,Germany,"english,german","70s disco,best,best music,charts,deutschland,disco,discofox,hits,schlager,schlagerhits",MP3,192
__BIGCITYBEATS.FM__ by rautemusik (rm.fm),https://stream.bigcitybeats.de/bcb-radio/mp3-192/radiobrowser,https://bigcitybeats.de/,Germany,"english,german","charts,dance,deejay,dj,dj sets,edm,electronic,elektronik,festival,hits,house,minimal",MP3,192
__BREAKZ.FM__ by rautemusik (rm.fm),https://breakz-high.rautemusik.fm/?ref=radiobrowser,https://breakz.fm/,Germany,,,MP3,192
__BREAKZ.FM__ by rm.fm (rautemusik),https://breakz-high.rautemusik.fm/?ref=radiobrowserinfo,https://breakz.fm/,Germany,"english,german","dance,deejay,dj,dj mixes,dj sets,edm,electro,electro house,electronic,hardstyle,hiphop,house,mixtapes,moombahton,reggaeton,rnb,urban",MP3,192
__CHARTHITS.FM__ by rautemusik (rm.fm),https://charthits-high.rautemusik.fm/?ref=radiobrowser,https://www.charthits.fm/,Germany,"english,german","charts,dance,edm,electro house,electronic,electronica,electropop,hits,house,top40",MP3,192
__CHRISTMAS CHOR__ by rautemusik (rm.fm),https://christmas-chor-high.rautemusik.fm/?ref=radiobrowser,https://www.rm.fm/christmas-chor,Germany,german,"choral,christmas,christmas music,church,church of christ,klassik weihnachten christmas,weihnachten",MP3,192
__CHRISTMAS SCHLAGER__ by rautemusik (rm.fm),https://christmas-schlager-high.rautemusik.fm/?ref=radiobrowser,https://www.rm.fm/christmas-schlager,Germany,"english,german","christmas,christmas music,discofox,klassik weihnachten christmas,schlager,schlagerhits,weihnachten,weihnachtsrock",MP3,192
__CLUB__ by rautemusik (rm.fm),https://club-high.rautemusik.fm/?ref=radiobrowser,https://www.rm.fm/club,Germany,german,"dance,deejay,dj,edm,electronic,elektro,handsup,hardstyle,hits,techno,trance",MP3,192
__COUNTRYHITS.FM__ by rautemusik (rm.fm),https://country-high.rautemusik.fm/?ref=radiobrowser,https://countryhits.fm/,Germany,"english,german","alternative country,alternative rock,americana,classic country,classic rock,country,hits,nashville,new country,rock,texas country",MP3,192
__DEUTSCHE HITS__ by rautemusik (rm.fm),https://deutsche-hits-high.rautemusik.fm/?ref=radiobrowser,https://www.rm.fm/deutsche-hits,Germany,"english,german","charts,dance,german,hits,pop,pop music,pop rock",MP3,192
__DEUTSCHRAP CHARTS__ by rautemusik (rm.fm),https://deutschrap-charts-high.rautemusik.fm/?ref=radiobrowser,https://www.rm.fm/deutschrap-charts,Germany,"english,german","charts,deutsch,deutschrap,german,hip-hop,hiphop,hits,rap,rap hiphop rnb,rnb,top charts,ä",MP3,192
__DEUTSCHRAP CLASSIC__ by rautemusik (rm.fm),https://deutschrap-classic-high.rautemusik.fm/?ref=radiobrowser,https://www.rm.fm/deutschrap-classic,Germany,"english,german","chilled trap,deutsch,german,hip-hop,hiphop,rap,rap hiphop rnb,rnb",MP3,192
__DEUTSCHRAP__ by rautemusik (rm.fm),https://deutschrap-high.rautemusik.fm/?ref=radiobrowser,https://www.rm.fm/,Germany,"english,german","deutsch,german,hip-hop,hiphop,rap,rap hiphop rnb,rnb,urban",MP3,192
__GOLDIES__ by rautemusik (rm.fm),https://goldies-high.rautemusik.fm/?ref=radiobrowser,https://www.rm.fm/goldies,Germany,"english,german","1960s,1970s,1980s,1990s,60er,60s,70er,70s,70s disco,80's,80er,80s,90's,90er,90s,classic hits,classic rock,dance,disco,eurodance,golden music,golden oldies,goldies,hits,music,oldies,oldschool,retro",MP3,192
__HAPPY HARDCORE__ by rautemusik (rm.fm),https://happyhardcore-high.rautemusik.fm/?ref=radiobrowser,https://www.rm.fm/happyhardcore,Germany,"english,german","hardcore,hardstyle,hits,hot,hot hits,speedcore",MP3,192
__HAPPY__ by rautemusik (rm.fm),https://happy-high.rautemusik.fm/?ref=radiobrowser,https://www.rm.fm/happy,Germany,"english,german","charts,happy,happy hits,happyhits,hits,hot hits,pop,pop music,top charts",MP3,192
__HARDER__ by rautemusik (rm.fm),https://harder-high.rautemusik.fm/?ref=radiobrowser,https://www.rm.fm/harder,Germany,"english,german","dance,edm,electro,electronic,hardcore,hardstyle,hits,hot hits",MP3,192
__HOUSE__ by rautemusik (rm.fm),https://house-high.rautemusik.fm/?ref=radiobrowser,https://www.rm.fm/house,Germany,"english,german","dance,deep house,edm,electro house,electronic,electropop,house,minimal,tech house,techno",MP3,192
__JAM__ by rautemusik (rm.fm),https://jam-high.rautemusik.fm/?ref=radiobrowser,https://www.rm.fm/jam,Germany,"english,german","hip-hop,hiphop,latin,moombahton,rap,reggaeton,rnb,urban",MP3,192
__KARNEVAL__ by rautemusik (rm.fm),https://karneval-high.rautemusik.fm/?ref=radiobrowser,https://www.rm.fm/karneval,Germany,"english,german","carnaval,carnival,cologne,disco,discofox,german,hits,hot hits,karneval,party,party hits,pop,rock,schlager",MP3,192
__KLASSIK__ by rautemusik (rm.fm),https://klassik-high.rautemusik.fm/?ref=radiobrowser,https://www.rm.fm/klassik,Germany,"english,german","classic,classic hits,classical,klassik",MP3,192
__KRASSE WEIHNACHTEN__ by rautemusik (rm.fm),https://weihnachten-high.rautemusik.fm/?ref=radiobrowser,https://www.rm.fm/weihnachten,Germany,"english,german","baladas,christmas,christmas music,classic hits,hits,klassik weihnachten christmas,pop,weihnachten",MP3,192
__LOUNGE__ by rautemusik (rm.fm),https://lounge-high.rautemusik.fm/?ref=radiobrowser,https://www.rm.fm/lounge,Germany,"english,german","ambient,chill,chillout,lounge,lounge music,smooth lounge",MP3,192
__LOVEHITS__ by rautemusik (rm.fm),https://lovehits-high.rautemusik.fm/?ref=radiobrowser,https://www.rm.fm/lovehits,Germany,"english,german","hits,hot hits,liebe,liebeslieder,love,love songs",MP3,192
__MAIN__ by rautemusik (rm.fm),https://main-high.rautemusik.fm/?ref=radiobrowser,https://www.rm.fm/main,Germany,"english,german","80s,90s,charts,dance,hits,live show,moderation,pop,rock,top40",MP3,192
__ORIENTAL__ by rautemusik (rm.fm),https://oriental-high.rautemusik.fm/?ref=radiobrowser,https://www.rm.fm/oriental,Germany,"arabic,german","arabic,arabic music,hits,oriental,variety",MP3,192
__PARTYHITS__ by rautemusik (rm.fm),https://partyhits-high.rautemusik.fm/?ref=radiobrowser,https://www.rm.fm/partyhits,Germany,"english,german","apresski,dance,discofox,feiern,hits,hot hits,houseparty,mallorca,party,party hits,partyhits,schlager,wiesn",MP3,192
__ROCK__ by rautemusik (rm.fm),https://rock-high.rautemusik.fm/?ref=radiobrowser,https://www.rm.fm/rock,Germany,"english,german","alternative rock,classic rock,hard rock,heavy metal,metal,pop rock,punk,punk rock,rock,soft rock",MP3,192
__SALSA__ by rautemusik (rm.fm),https://salsa-high.rautemusik.fm/?ref=radiobrowser,https://www.rm.fm/salsa,Germany,"english,german","bachata,kultur,latin,latino,merengue bachata,musica latina,musica latinoamericana,salsa,salsa colombiana,spanish",MP3,192
__SCHLAGER OLDIES__ by rautemusik (rm.fm),https://schlager-oldies-high.rautemusik.fm/?ref=radiobrowser,https://www.rm.fm/schlager-oldies,Germany,"english,german","60s,70s,80s,90s,discofox,discofox oldies,discofox+schlager,golden oldies,goldies,hits,oldies,schlager,schlagerhits",MP3,192
__SCHLAGERRADIO.FM__ by rautemusik (rm.fm),https://schlager-high.rautemusik.fm/?ref=radiobrowser,https://www.rm.fm/schlager,Germany,"english,german","charts,dance,disco,discofox,discofox oldies,discofox+schlager,dj,hits,moderation,schlager,schlagerhits",MP3,192
__SEX__ by rautemusik (rm.fm),https://sex-high.rautemusik.fm/?ref=radiobrowser,https://www.rm.fm/sex,Germany,"english,german","adult hits,hits,hot,hot adult contemporary,hot hits,rnb,sussex",MP3,192
__SHREDDED__ by RauteMusik (rm.fm),https://streams.rautemusik.fm/shredded/mp3-192/stream.mp3,https://www.rm.fm/shredded/,Germany,,"hardcore,heavy metal,metal",MP3,192
__SOLOPIANO__ by rautemusik (rm.fm),https://solopiano-high.rautemusik.fm/?ref=radiobrowser,https://www.rm.fm/solopiano,Germany,"english,german","hits,instrumental,klavier,new age piano,piano,piano jazz",MP3,192
__STUDY__ by rautemusik (rm.fm),https://study-high.rautemusik.fm/?ref=radiobrowser,https://www.rm.fm/study,Germany,"english,german","classic hits,easy listening,hits,music for study,pop,student,student radio",MP3,192
__TECHHOUSE__ by rautemusik (rm.fm),https://techhouse-high.rautemusik.fm/?ref=radiobrowser,https://rm.fm/,Germany,,,MP3,192
__TECHNO__ by rautemusik.fm,https://streams.rautemusik.fm/techno/mp3-192/?ref=radiobrowser,https://rm.fm/techno,Germany,"deutsch fränkisch,english,german","ambient techno,deep techno,dub techno,hard techno,house techno,minimal techno,techno",MP3,192
__THE CHRISTMAS CHANNEL__ by rautemusik (rm.fm),https://christmas-high.rautemusik.fm/?ref=radiobrowser,https://christmas-channel.com/,Germany,"english,german","balada,baladas,christmas,christmas music,holiday,klassik weihnachten christmas,seasonal,weihnachten",MP3,192
__TOP40__ by rautemusik (rm.fm),https://top40-high.rautemusik.fm/?ref=radiobrowser,https://www.rm.fm/top40,Germany,"english,german","charts,dance,electronic,german,german pop,german rap,hiphop,hits,hot hits,top 40,top40,urban",MP3,192
__TRANCE__ by rautemusik (rm.fm),https://trance-high.rautemusik.fm/?ref=radiobrowser,https://www.rm.fm/trance,Germany,"english,german","electro,electro house,electronic,hits,progressive psytrance,progressive trance,psytrance,trance,vocal trance",MP3,192
__TRAP__ by rautemusik (rm.fm),https://trap-high.rautemusik.fm/?ref=radiobrowser,https://www.rm.fm/,Germany,"english,german","drum & bass,drum 'n' bass,drum and bass,hip-hop,hiphop,trap",MP3,192
__TRAURIG__ by rautemusik (rm.fm),https://traurig-high.rautemusik.fm/?ref=radiobrowser,https://www.rm.fm/traurig,Germany,"english,german","easy listening,feelings,slow,traurig,yordi rosado",MP3,192
__VOLKSMUSIK.FM__ by rautemusik (rm.fm),https://volksmusik-high.rautemusik.fm/?ref=radiobrowser,https://www.volksmusik.fm/,Germany,"english,german","blasmusik,charts,discofox,german,hits,schlager,volksmusik,volkstümlich",MP3,192
__WACKENRADIO__ by rautemusik (rm.fm),https://wackenradio-high.rautemusik.fm/?ref=radiobrowser,https://www.rm.fm/wacken,Germany,"english,german","alternative rock,classic rock,hard rock,heavy metal; wacken; radio bob,pop rock,punk,rock,wacken,wacken open air",MP3,192
__WORKOUT__ by rautemusik (rm.fm),https://workout-high.rautemusik.fm/?ref=radiobrowser,https://www.rm.fm/workout,Germany,"english,german","dance,hip hop,hits,non-stop music,training,workout",MP3,192
"_DEEJAY REMIXE_ Your Radio for finest House, EDM, Electro, Dance, Mashup, Hypertechno, Techno, Bootleg, Charts, Top40, Chillout, Lounge, HipHop, Urban & Latin Party DJ Remixes!",https://breakz-high.rautemusik.fm/?ref=radiobrowser-deejay-remixes-radio,https://breakz.fm/,Germany,"american english,english,german,swiss german","#mashup,bass,beach music,breaks,breakz,breakzfm,charts,chill,chill house,chillout,club,club dance electronic house trance,clubbing,dance,deejay,deep house,dj mix,dj mixes,dj remix,dj sets,djmix,edm,electronic,electronic dance music,electronic music,electropop,hard techno,high energy,house,houseparty,hypertechno,latin pop,local radio,lounge,mashup,mixtape,music non stop,online,online radio,party,partymix,partymusik,pool beach bar,promodj,public radio,rap hiphop rnb,reggaeton,remix,remixed,remixes,rnb,smooth,techno,top 40,urban",MP3,192
- 0 N - 2000s on Radio,https://0n-2000s.radionetz.de/0n-2000s.mp3,http://www.0nradio.com/,Germany,german,"00er,00s,2000er,2000s,dance,hits,pop,rock",MP3,128
- 0 N - 2000s on Radio,https://0n-2000s.radionetz.de/0n-2000s.aac,http://www.0nradio.com/,Germany,,"00er,00s,2000er,2000s,dance,hits,pop,rock",AAC+,64
- 0 N - 2010s on Radio,https://0n-2010s.radionetz.de/0n-2010s.mp3,http://www.0nradio.com/,Germany,german,"10er,10s,2010er,2010s,dance,hits,pop,rock",MP3,128
- 0 N - 2010s on Radio,https://0n-2010s.radionetz.de/0n-2010s.aac,http://www.0nradio.com/,Germany,german,"10er,10s,2010er,2010s,dance,hits,pop,rock",AAC+,64
- 0 N - 50s on Radio,https://0n-50s.radionetz.de/0n-50s.mp3,http://www.0nradio.com/,Germany,german,"50s,60er,oldies,rock 'n' roll,twist",MP3,128
- 0 N - 50s on Radio,https://0n-50s.radionetz.de/0n-50s.aac,http://www.0nradio.com/,Germany,german,"50s,60er,oldies,rock 'n' roll,twist",AAC+,64
- 0 N - 60s on Radio,https://0n-60s.radionetz.de/0n-60s.aac,http://www.0nradio.com/,Germany,german,"60er,60s,funk,oldies,pop,rock 'n' roll,soul,twist",AAC+,64
- 0 N - 60s on Radio,https://0n-60s.radionetz.de/0n-60s.mp3,http://www.0nradio.com/,Germany,german,"60er,60s,funk,oldies,pop,rock 'n' roll,soul,twist",MP3,128
- 0 N - 70s on Radio,https://0n-70s.radionetz.de/0n-70s.aac,http://www.0nradio.com/,Germany,german,"70er,70s,oldies,pop",AAC+,64
- 0 N - 70s on Radio,https://0n-70s.radionetz.de/0n-70s.mp3,http://www.0nradio.com/,Germany,german,"70er,70s,oldies,pop",MP3,128
- 0 N - 80s on Radio,https://0n-80s.radionetz.de/0n-80s.mp3,http://www.0nradio.com/,Germany,german,"80er,80s,oldies,pop",MP3,128
- 0 N - 80s on Radio,https://0n-80s.radionetz.de/0n-80s.aac,http://www.0nradio.com/,Germany,german,"80er,80s,oldies,pop",AAC+,64
- 0 N - 90s on Radio,https://0n-90s.radionetz.de/0n-90s.aac,http://www.0nradio.com/,Germany,german,"90er,90s,dance,oldies,pop,rock",AAC+,64
- 0 N - 90s on Radio,https://0n-90s.radionetz.de/0n-90s.mp3,http://www.0nradio.com/,Germany,german,"90er,90s,dance,oldies,pop,rock",MP3,128
- 0 N - Black on Radio,https://0n-black.radionetz.de/0n-black.mp3,http://www.0nradio.com/,Germany,german,"black,hip hop,hiphop,pop,r&b,top 40",MP3,128
- 0 N - Black on Radio,https://0n-black.radionetz.de/0n-black.aac,http://www.0nradio.com/,Germany,german,"black,hip hop,hiphop,pop,r&b,top 40",AAC+,64
- 0 N - Blues on Radio,https://0n-blues.radionetz.de/0n-blues.aac,http://www.0nradio.com/,Germany,german,"blues,r&b,rhythm & blues,soul",AAC+,64
- 0 N - Blues on Radio,https://0n-blues.radionetz.de/0n-blues.mp3,http://www.0nradio.com/,Germany,german,"blues,r&b,rhythm & blues,soul",MP3,128
- 0 N - Charts on Radio,https://0n-charts.radionetz.de/0n-charts.mp3,http://www.0nradio.com/,Germany,german,"dance,hits,house,pop,rock,top40",MP3,128
- 0 N - Charts on Radio,https://0n-charts.radionetz.de/0n-charts.aac,http://www.0nradio.com/,Germany,german,"dance,hits,house,pop,rock,top40",AAC+,64
- 0 N - Chillout on Radio,https://0n-chillout.radionetz.de/0n-chillout.mp3,http://www.0nradio.com/,Germany,german,"ambient,chillout,easy listening,electro",MP3,128
- 0 N - Chillout on Radio,https://0n-chillout.radionetz.de/0n-chillout.aac,http://www.0nradio.com/,Germany,german,"ambient,chillout,easy listening,electro",AAC+,64
- 0 N - Christmas on Radio,https://0n-christmas.radionetz.de/0n-christmas.aac,http://www.0nradio.com/,Germany,german,"christmas,holiday,jazz,oldies,season,weihnachten",AAC+,64
- 0 N - Christmas on Radio,https://0n-christmas.radionetz.de/0n-christmas.mp3,http://www.0nradio.com/,Germany,german,"christmas,holiday,jazz,oldies,season,weihnachten",MP3,128
- 0 N - Classic Rock on Radio,https://0n-classicrock.radionetz.de/0n-classicrock.aac,http://www.0nradio.com/,Germany,german,"80er,80s,90er,90s,classic rock,rock",AAC+,64
- 0 N - Classic Rock on Radio,https://0n-classicrock.radionetz.de/0n-classicrock.mp3,http://www.0nradio.com/,Germany,german,"80er,80s,90er,90s,classic rock,rock",MP3,128
- 0 N - Country on Radio,https://0n-country.radionetz.de/0n-country.aac,http://www.0nradio.com/,Germany,german,"country,pop,rock",AAC+,64
- 0 N - Country on Radio,https://0n-country.radionetz.de/0n-country.mp3,http://www.0nradio.com/,Germany,german,"country,pop,rock",MP3,128
- 0 N - Dance on Radio,https://0n-dance.radionetz.de/0n-dance.mp3,http://www.0nradio.com/,Germany,"english,german","dance,house techno",MP3,128
- 0 N - Dance on Radio,https://0n-dance.radionetz.de/0n-dance.aac,http://www.0nradio.com/,Germany,german,"dance,house,techno",AAC+,64
- 0 N - Deutsch Pop on Radio,https://0n-deutschpop.radionetz.de/0n-deutschpop.mp3,http://www.0nradio.com/,Germany,german,"balladen,pop,rock,schlager",MP3,128
- 0 N - Deutsch Pop on Radio,https://0n-deutschpop.radionetz.de/0n-deutschpop.aac,http://www.0nradio.com/,Germany,german,"balladen,pop,rock,schlager",AAC+,64
- 0 N - Deutsch Rap on Radio,https://0n-deutschrap.radionetz.de/0n-deutschrap.aac,http://www.0nradio.com/,Germany,german,"hip hop,rap,urban",AAC+,64
- 0 N - Deutsch Rap on Radio,https://0n-deutschrap.radionetz.de/0n-deutschrap.mp3,http://www.0nradio.com/,Germany,german,"hip hop,rap,urban",MP3,128
- 0 N - Deutsch Rock on Radio,https://0n-deutschrock.radionetz.de/0n-deutschrock.mp3,http://www.0nradio.com/,Germany,german,"alternative,deutsch rock,hard rock,rock",MP3,128
- 0 N - Deutsch Rock on Radio,https://0n-deutschrock.radionetz.de/0n-deutschrock.aac,http://www.0nradio.com/,Germany,german,"alternative,deutsch rock,hard rock,rock",AAC+,64
- 0 N - Disco on Radio,https://0n-disco.radionetz.de/0n-disco.aac,http://www.0nradio.com/,Germany,german,"70er,70s,80er,80s,disco,funk,oldies,pop,soul",AAC+,64
- 0 N - Disco on Radio,https://0n-disco.radionetz.de/0n-disco.mp3,http://www.0nradio.com/,Germany,german,"70er,70s,80er,80s,disco,funk,oldies,pop,soul",MP3,128
- 0 N - Electro on Radio,https://0n-electro.radionetz.de/0n-electro.aac,http://www.0nradio.com/,Germany,german,"dance,deephouse,electro,electronic,techhouse,techno",AAC+,64
- 0 N - Electro on Radio,https://0n-electro.radionetz.de/0n-electro.mp3,http://www.0nradio.com/,Germany,german,"dance,deephouse,electro,electronic,techhouse,techno",MP3,128
- 0 N - Evergreens on Radio,https://0n-evergreens.radionetz.de/0n-evergreens.aac,http://www.0nradio.com/,Germany,german,"60er,60s,70er,70s,80er,80s,oldies,pop",AAC+,64
- 0 N - Evergreens on Radio,https://0n-evergreens.radionetz.de/0n-evergreens.mp3,http://www.0nradio.com/,Germany,german,"60er,60s,70er,70s,80er,80s,oldies,pop",MP3,128
- 0 N - Gay on Radio,https://0n-gay.radionetz.de/0n-gay.mp3,http://www.0nradio.com/,Germany,german,"dance,gay,hits,lgbt,pop,top40",MP3,128
- 0 N - Gay on Radio,https://0n-gay.radionetz.de/0n-gay.aac,http://www.0nradio.com/,Germany,german,"dance,gay,hits,lgbt,pop,top40",AAC+,64
- 0 N - Gold on Radio,https://0n-gold.radionetz.de/0n-gold.aac,http://www.0nradio.com/,Germany,german,"50er,50s,60er,60s,funk,oldies,pop,rock 'n' roll,soul,twist",AAC+,64
- 0 N - Gold on Radio,https://0n-gold.radionetz.de/0n-gold.mp3,http://www.0nradio.com/,Germany,german,"50er,50s,60er,60s,funk,oldies,pop,rock 'n' roll,soul,twist",MP3,128
- 0 N - Gothic on Radio,https://0n-gothic.radionetz.de/0n-gothic.aac,http://www.0nradio.com/,Germany,german,"darkwave,ebm,goth,gothic,industrial,medieval,punk",AAC+,64
- 0 N - Gothic on Radio,https://0n-gothic.radionetz.de/0n-gothic.mp3,http://www.0nradio.com/,Germany,german,"darkwave,ebm,goth,gothic,industrial,medieval,punk",MP3,128
- 0 N - Greatest Hits on Radio,https://0n-greatesthits.radionetz.de/0n-greatesthits.aac,http://www.0nradio.com/,Germany,german,"2000er,2000s,2010er,2010s,80er,80s,90er,90s,black,dance,hiphop,hits,pop,rock",AAC+,64
- 0 N - Greatest Hits on Radio,https://0n-greatesthits.radionetz.de/0n-greatesthits.mp3,http://www.0nradio.com/,Germany,german,"2000er,2000s,2010er,2010s,80er,80s,90er,90s,black,dance,hiphop,hits,pop,rock",MP3,128
- 0 N - Heavy Metal on Radio,https://0n-heavymetal.radionetz.de/0n-heavymetal.mp3,http://www.0nradio.com/,Germany,german,"hard rock,hevy metal,metal,rock",MP3,128
- 0 N - Heavy Metal on Radio,https://0n-heavymetal.radionetz.de/0n-heavymetal.aac,http://www.0nradio.com/,Germany,german,"hard rock,heavy metal,metal,rock",AAC+,64
- 0 N - Hits on Radio,https://0n-hits.radionetz.de/0n-hits.aac,http://www.0nradio.com/,Germany,german,"black,dance,hiphop,hits,pop,rock,top40",AAC+,64
- 0 N - Hits on Radio,https://0n-hits.radionetz.de/0n-hits.mp3,http://www.0nradio.com/,Germany,german,"black,dance,hiphop,hits,pop,rock,top40",MP3,128
- 0 N - Hot on Radio,https://0n-hot.radionetz.de/0n-hot.aac,http://www.0nradio.com/,Germany,german,"dance,hits,house,pop,rock,top40",AAC+,64
- 0 N - Hot on Radio,https://0n-hot.radionetz.de/0n-hot.mp3,http://www.0nradio.com/,Germany,german,"dance,hits,house,pop,rock,top40",MP3,128
- 0 N - House on Radio,https://0n-house.radionetz.de/0n-house.aac,http://www.0nradio.com/,Germany,german,"dance,electro,electronic,house,minimal,techno",AAC+,64
- 0 N - House on Radio,https://0n-house.radionetz.de/0n-house.mp3,http://www.0nradio.com/,Germany,german,"dance,electro,electronic,house,minimal,techno",MP3,128
- 0 N - Indie on Radio,https://0n-indie.radionetz.de/0n-indie.aac,http://www.0nradio.com/,Germany,german,"alternative,electro,hip hop,indie,rock",AAC+,64
- 0 N - Indie on Radio,https://0n-indie.radionetz.de/0n-indie.mp3,http://www.0nradio.com/,Germany,german,"alternative,electro,hip hop,indie,rock",MP3,128
- 0 N - Jazz on Radio,https://0n-jazz.radionetz.de/0n-jazz.mp3,http://www.0nradio.com/,Germany,german,"jazz,smooth jazz,swing",MP3,128
- 0 N - Jazz on Radio,https://0n-jazz.radionetz.de/0n-jazz.aac,http://www.0nradio.com/,Germany,german,"jazz,smooth jazz,swing",AAC+,64
- 0 N - Jukebox on Radio,https://0n-jukebox.radionetz.de/0n-jukebox.mp3,http://www.0nradio.com/,Germany,german,"60er,60s,70er,70s,80er,80s,disco,oldies,pop,rock",MP3,128
- 0 N - Jukebox on Radio,https://0n-jukebox.radionetz.de/0n-jukebox.aac,http://www.0nradio.com/,Germany,german,"60er,60s,70er,70s,80er,80s,disco,oldies,pop,rock",AAC+,64
- 0 N - K-Pop on Radio,https://0n-kpop.radionetz.de/0n-kpop.mp3,http://www.0nradio.com/,Germany,german,"asian,k-pop,kpop,world music",MP3,128
- 0 N - K-Pop on Radio,https://0n-kpop.radionetz.de/0n-kpop.aac,http://www.0nradio.com/,Germany,german,"asian,k-pop,kpop,world music",AAC+,64
- 0 N - Klassik on Radio,https://0n-klassik.radionetz.de/0n-klassik.aac,http://www.0nradio.com/,Germany,german,"classical,klassik",AAC+,64
- 0 N - Klassik on Radio,https://0n-klassik.radionetz.de/0n-klassik.mp3,http://www.0nradio.com/,Germany,german,"classical,klassik",MP3,128
- 0 N - Latin on Radio,https://0n-latin.radionetz.de/0n-latin.mp3,http://www.0nradio.com/,Germany,,"latin,reggaeton,salsa,samba",MP3,128
- 0 N - Lounge on Radio,https://0n-lounge.radionetz.de/0n-lounge.mp3,http://www.0nradio.com/,Germany,german,"ambient,chillout,easy listening,lounge",MP3,128
- 0 N - Lounge on Radio,https://0n-lounge.radionetz.de/0n-lounge.aac,http://www.0nradio.com/,Germany,german,"ambient,chillout,easy listening,lounge",AAC+,64
- 0 N - Love on Radio,https://0n-love.radionetz.de/0n-love.mp3,http://www.0nradio.com/,Germany,german,"balladen,love songs,pop,soft pop,soft rock",MP3,128
- 0 N - Love on Radio,https://0n-love.radionetz.de/0n-love.aac,http://www.0nradio.com/,Germany,german,"balladen,love songs,pop,soft pop,soft rock",AAC+,64
- 0 N - Movies on Radio,https://0n-movies.radionetz.de/0n-movies.aac,http://www.0nradio.com/,Germany,german,"classical,movies,musical,soundtrack,soundtracks",AAC+,64
- 0 N - Movies on Radio,https://0n-movies.radionetz.de/0n-movies.mp3,http://www.0nradio.com/,Germany,german,"classical,movies,musical,soundtrack,soundtracks",MP3,128
- 0 N - New Wave on Radio,https://0n-newwave.radionetz.de/0n-newwave.mp3,http://www.0nradio.com/,Germany,german,"80s,alternative,new wave,oldies,wave",MP3,128
- 0 N - New Wave on Radio,https://0n-newwave.radionetz.de/0n-newwave.aac,http://www.0nradio.com/,Germany,german,"80s,alternative,new wave,oldies,wave",AAC+,64
- 0 N - Oldies on Radio,https://0n-oldies.radionetz.de/0n-oldies.mp3,http://www.0nradio.com/,Germany,german,"60er,60s,70er,70s,80er,80s,oldies,pop",MP3,128
- 0 N - Oldies on Radio,https://0n-oldies.radionetz.de/0n-oldies.aac,http://www.0nradio.com/,Germany,german,"60er,60s,70er,70s,80er,80s,oldies,pop",AAC+,64
- 0 N - Party on Radio,https://0n-party.radionetz.de/0n-party.mp3,http://www.0nradio.com/,Germany,german,"dance,discofox,pop,schlager",MP3,128
- 0 N - Party on Radio,https://0n-party.radionetz.de/0n-party.aac,http://www.0nradio.com/,Germany,german,"dance,discofox,pop,schlager",AAC+,64
- 0 N - Pop on Radio,https://0n-pop.radionetz.de/0n-pop.aac,http://www.0nradio.com/,Germany,german,"black,dance,hiphop,hits,pop,rock,top40",AAC+,64
- 0 N - Pop on Radio,https://0n-pop.radionetz.de/0n-pop.mp3,http://www.0nradio.com/,Germany,,"black,dance,hiphop,hits,pop,rock,top40",MP3,128
- 0 N - Radio on Radio,https://0n-radio.radionetz.de/0n-radio.aac,http://www.0nradio.com/,Germany,german,"hits,oldies,pop,top 40",AAC+,64
- 0 N - Radio on Radio,https://0n-radio.radionetz.de/0n-radio.mp3,http://www.0nradio.com/,Germany,german,"hits,oldies,pop,top 40",MP3,128
- 0 N - Reggae on Radio,https://0n-reggae.radionetz.de/0n-reggae.mp3,http://www.0nradio.com/,Germany,german,"dancehall,latin,reggae,reggaeton",MP3,128
- 0 N - Reggae on Radio,https://0n-reggae.radionetz.de/0n-reggae.aac,http://www.0nradio.com/,Germany,german,"dancehall,latin,reggae,reggaeton",AAC+,64
- 0 N - Relax on Radio,https://0n-relax.radionetz.de/0n-relax.mp3,http://www.0nradio.com/,Germany,german,"80er,80s,90er,90s,easy listening,hits,oldies,pop,soft rock",MP3,128
- 0 N - Relax on Radio,https://0n-relax.radionetz.de/0n-relax.aac,http://www.0nradio.com/,Germany,german,"80er,80s,90er,90s,easy listening,hits,oldies,pop,soft rock",AAC+,64
- 0 N - Rock on Radio,https://0n-rock.radionetz.de/0n-rock.mp3,http://www.0nradio.com/,Germany,german,"alternative,classic rock,hard rock,metal,rock,soft rock",MP3,128
- 0 N - Rock on Radio,https://0n-rock.radionetz.de/0n-rock.aac,http://www.0nradio.com/,Germany,german,"alternative,classic rock,hard rock,metal,rock,soft rock",AAC+,64
- 0 N - Schlager Gold on Radio,https://0n-schlagergold.radionetz.de/0n-schlagergold.mp3,http://www.0nradio.com/,Germany,german,"50er,50s,60er,60s,oldies,rock 'n' roll,schlager,world music",MP3,128
- 0 N - Schlager Gold on Radio,https://0n-schlagergold.radionetz.de/0n-schlagergold.aac,http://www.0nradio.com/,Germany,german,"50er,50s,60er,60s,oldies,rock 'n' roll,schlager,world music",AAC+,64
- 0 N - Schlager Kult on Radio,https://0n-schlagerkult.radionetz.de/0n-schlagerkult.mp3,http://www.0nradio.com/,Germany,german,"oldies,schlager,world music",MP3,128
- 0 N - Schlager on Radio,https://0n-schlager.radionetz.de/0n-schlager.aac,http://www.0nradio.com/,Germany,german,"discofox,pop,schlager,various,world music",AAC+,64
- 0 N - Schlager on Radio,https://0n-schlager.radionetz.de/0n-schlager.mp3,http://www.0nradio.com/,Germany,german,"discofox,pop,schlager,various,world music",MP3,128
- 0 N - Smooth Jazz on Radio,https://0n-smoothjazz.radionetz.de/0n-smoothjazz.aac,http://www.0nradio.com/,Germany,german,"chillout,easy listening,jazz,smooth,smoothjazz",AAC+,64
- 0 N - Smooth Jazz on Radio,https://0n-smoothjazz.radionetz.de/0n-smoothjazz.mp3,http://www.0nradio.com/,Germany,german,"chillout,easy listening,jazz,smooth,smoothjazz",MP3,128
- 0 N - Soft Pop on Radio,https://0n-softpop.radionetz.de/0n-softpop.aac,http://www.0nradio.com/,Germany,german,"balladen,lovesongs,pop,soft pop,soft rock",AAC+,64
- 0 N - Soft Pop on Radio,https://0n-softpop.radionetz.de/0n-softpop.mp3,http://www.0nradio.com/,Germany,german,"balladen,lovesongs,pop,soft pop,soft rock",MP3,128
- 0 N - Soft Rock on Radio,https://0n-softrock.radionetz.de/0n-softrock.mp3,http://www.0nradio.com/,Germany,german,"balladen,rock,soft rock",MP3,128
- 0 N - Soft Rock on Radio,https://0n-softrock.radionetz.de/0n-softrock.aac,http://www.0nradio.com/,Germany,german,"balladen,rock,soft rock",AAC+,64
- 0 N - Techno on Radio,https://0n-techno.radionetz.de/0n-techno.mp3,https://www.0nradio.com/,Germany,german,"dance,deephouse,electro,electronic,techhouse,techno",MP3,128
- 0 N - Techno on Radio,https://0n-techno.radionetz.de/0n-techno.aac,https://www.0nradio.com/,Germany,german,"dance,deephouse,electro,electronic,techhouse,techno",AAC+,64
- 0 N - Top 40 on Radio,https://0n-top40.radionetz.de/0n-top40.aac,http://www.0nradio.com/,Germany,german,"dance,hits,house,pop,rock,top40",AAC+,64
- 0 N - Top 40 on Radio,https://0n-top40.radionetz.de/0n-top40.mp3,http://www.0nradio.com/,Germany,german,"dance,hits,house,pop,rock,top40",MP3,128
- 0 N - Volksmusik on Radio,https://0n-volksmusik.radionetz.de/0n-volksmusik.mp3,http://www.0nradio.com/,Germany,german,"schlager,volksmusik",MP3,128
- 0 N - Volksmusik on Radio,https://0n-volksmusik.radionetz.de/0n-volksmusik.aac,http://www.0nradio.com/,Germany,german,"schlager,volksmusik",AAC+,64
- 0 N - Weihnachten on Radio,https://0n-weihnachten.radionetz.de/0n-weihnachten.mp3,http://www.0nradio.com/,Germany,german,"christliche musik,discofox,schlager,weihnachten",MP3,128
- 1 A - 2000er von 1A Radio,https://1a-2000er.radionetz.de/1a-2000er.aac,http://www.1aradio.com/,Germany,german,"00er,00s,2000er,2000s,dance,hits,pop,rock",AAC+,64
- 1 A - 2000er von 1A Radio,https://1a-2000er.radionetz.de/1a-2000er.mp3,http://www.1aradio.com/,Germany,german,"00er,00s,2000er,2000s,dance,hits,pop,rock",MP3,128
- 1 A - 60er von 1A Radio,https://1a-60er.radionetz.de/1a-60er.mp3,http://www.1aradio.com/,Germany,german,"60er,60s,funk,oldies,rock 'n' roll,soul,twist",MP3,128
- 1 A - 60er von 1A Radio,https://1a-60er.radionetz.de/1a-60er.aac,http://www.1aradio.com/,Germany,german,"60er,60s,funk,oldies,rock 'n' roll,soul,twist",AAC+,64
- 1 A - 70er von 1A Radio,https://1a-70er.radionetz.de/1a-70er.mp3,http://www.1aradio.com/,Germany,,"70er,70s,oldies,pop",MP3,128
- 1 A - 70er von 1A Radio,https://1a-70er.radionetz.de/1a-70er.aac,http://www.1aradio.com/,Germany,german,"70er,70s,oldies,pop",AAC+,64
- 1 A - 80er von 1A Radio,https://1a-80er.radionetz.de/1a-80er.mp3,http://www.1aradio.com/,Germany,german,"80er,80s,oldies,pop",MP3,128
- 1 A - 80er von 1A Radio,https://1a-80er.radionetz.de/1a-80er.aac,http://www.1aradio.com/,Germany,german,"80er,80s,oldies,pop",AAC+,64
- 1 A - 90er von 1A Radio,https://1a-90er.radionetz.de/1a-90er.mp3,http://www.1aradio.com/,Germany,german,rock,MP3,128
- 1 A - 90er von 1A Radio,https://1a-90er.radionetz.de/1a-90er.aac,http://www.1aradio.com/,Germany,german,"90er,90s,dance,oldies,pop,rock",AAC+,64
- 1 A - Charts von 1A Radio,https://1a-charts.radionetz.de/1a-charts.aac,http://www.1aradio.com/,Germany,german,"dance,hits,house,pop,rock,top40",AAC+,64
- 1 A - Charts von 1A Radio,https://1a-charts.radionetz.de/1a-charts.mp3,http://www.1aradio.com/,Germany,german,"dance,hits,house,pop,rock,top40",MP3,128
- 1 A - Chillout von 1A Radio,https://1a-chillout.radionetz.de/1a-chillout.mp3,http://www.1aradio.com/,Germany,german,"ambient,chillout,easy listening,electro",MP3,128
- 1 A - Chillout von 1A Radio,https://1a-chillout.radionetz.de/1a-chillout.aac,http://www.1aradio.com/,Germany,german,"ambient,chillout,easy listening,electro",AAC+,64
- 1 A - Christmas on Radio,https://1a-christmas.radionetz.de/1a-christmas.aac,http://www.1aradio.com/,Germany,german,"christmas,holiday,jazz,oldies,season,weihnachten",AAC+,64
- 1 A - Christmas on Radio,https://1a-christmas.radionetz.de/1a-christmas.mp3,http://www.1aradio.com/,Germany,german,"christmas,holiday,jazz,oldies,season,weihnachten",MP3,128
- 1 A - Classic Rock von 1A Radio,https://1a-classicrock.radionetz.de/1a-classicrock.mp3,http://www.1aradio.com/,Germany,german,"80er,80s,90er,90s,classic rock,rock",MP3,128
- 1 A - Classic Rock von 1A Radio,https://1a-classicrock.radionetz.de/1a-classicrock.aac,http://www.1aradio.com/,Germany,german,"80er,80s,90er,90s,classic rock,rock",AAC+,64
- 1 A - Deutsch Pop von 1A Radio,https://1a-deutschpop.radionetz.de/1a-deutschpop.aac,http://www.1aradio.com/,Germany,german,"balladen,pop,rock,schlager",AAC+,64
- 1 A - Deutsch Pop von 1A Radio,https://1a-deutschpop.radionetz.de/1a-deutschpop.mp3,http://www.1aradio.com/,Germany,german,"balladen,pop,rock,schlager",MP3,128
- 1 A - Deutsch Rap von 1A Radio,https://1a-deutschrap.radionetz.de/1a-deutschrap.mp3,http://www.1aradio.com/,Germany,german,"hip hop,rap,urban",MP3,128
- 1 A - Deutsch Rap von 1A Radio,https://1a-deutschrap.radionetz.de/1a-deutschrap.aac,http://www.1aradio.com/,Germany,german,"hip hop,rap,urban",AAC+,64
- 1 A - Entspannt von 1A Radio,https://1a-entspannt.radionetz.de/1a-entspannt.mp3,http://www.1aradio.com/,Germany,german,"chillout,easy listening,jazz,various",MP3,128
- 1 A - Entspannt von 1A Radio,https://1a-entspannt.radionetz.de/1a-entspannt.aac,http://www.1aradio.com/,Germany,german,"chillout,easy listening,jazz,various",AAC+,64
- 1 A - Hits von 1A Radio,https://1a-hits.radionetz.de/1a-hits.aac,http://www.1aradio.com/,Germany,german,"black,dance,hiphop,hits,pop,rock,top40",AAC+,64
- 1 A - Hits von 1A Radio,https://1a-hits.radionetz.de/1a-hits.mp3,http://www.1aradio.com/,Germany,german,"black,dance,hiphop,hits,pop,rock,top40",MP3,128
- 1 A - Jazz von 1A Radio,https://1a-jazz.radionetz.de/1a-jazz.mp3,http://www.1aradio.com/,Germany,german,"jazz,smooth jazz,swing",MP3,128
- 1 A - Jazz von 1A Radio,https://1a-jazz.radionetz.de/1a-jazz.aac,http://www.1aradio.com/,Germany,german,"jazz,smooth jazz,swing",AAC+,64
- 1 A - NDW (Neue Deutsche Welle) von 1A Radio,https://1a-ndw.radionetz.de/1a-ndw.aac,http://www.1aradio.com/,Germany,german,"80er,80s,alternative,oldies,pop",AAC+,64
- 1 A - NDW (Neue Deutsche Welle) von 1A Radio,https://1a-ndw.radionetz.de/1a-ndw.mp3,http://www.1aradio.com/,Germany,german,"80er,80s,alternative,oldies,pop",MP3,128
- 1 A - Oldies von 1A Radio,https://1a-oldies.radionetz.de/1a-oldies.aac,http://www.1aradio.com/,Germany,german,"60er,60s,70er,70s,80er,80s,oldies,pop",AAC+,64
- 1 A - Oldies von 1A Radio,https://1a-oldies.radionetz.de/1a-oldies.mp3,http://www.1aradio.com/,Germany,german,"60er,60s,70er,70s,80er,80s,oldies,pop",MP3,128
- 1 A - Party von 1A Radio,https://1a-party.radionetz.de/1a-party.mp3,http://www.1aradio.com/,Germany,german,"dance,discofox,pop,schlager",MP3,128
- 1 A - Party von 1A Radio,https://1a-party.radionetz.de/1a-party.aac,http://www.1aradio.com/,Germany,german,"dance,discofox,pop,schlager",AAC+,64
- 1 A - Pop von 1A Radio,https://1a-pop.radionetz.de/1a-pop.aac,http://www.1aradio.com/,Germany,german,"black,dance,hiphop,hits,pop,rock,top40",AAC+,64
- 1 A - Pop von 1A Radio,https://1a-pop.radionetz.de/1a-pop.mp3,http://www.1aradio.com/,Germany,german,"black,dance,hiphop,hits,pop,rock,top40",MP3,128
- 1 A - Relax von 1A Radio,https://1a-relax.radionetz.de/1a-relax.mp3,http://www.1aradio.com/,Germany,german,"ambient,chillout,easy listening,electro",MP3,128
- 1 A - Relax von 1A Radio,https://1a-relax.radionetz.de/1a-relax.aac,http://www.1aradio.com/,Germany,german,"ambient,chillout,easy listening,electro",AAC+,64
- 1 A - Rock von 1A Radio,https://1a-rock.radionetz.de/1a-rock.aac,http://www.1aradio.com/,Germany,german,"alternative,classic rock,hard rock,metal,rock,soft rock",AAC+,64
- 1 A - Rock von 1A Radio,https://1a-rock.radionetz.de/1a-rock.mp3,http://www.1aradio.com/,Germany,german,"alternative,classic rock,hard rock,metal,rock,soft rock",MP3,128
- 1 A - Schlager Gold von 1A Radio,https://1a-schlagergold.radionetz.de/1a-schlagergold.aac,http://www.1aradio.com/,Germany,german,"50er,50s,60er,60s,oldies,rock 'n' roll,schlager,world music",AAC+,64
- 1 A - Schlager Gold von 1A Radio,https://1a-schlagergold.radionetz.de/1a-schlagergold.mp3,http://www.1aradio.com/,Germany,german,"50er,50s,60er,60s,oldies,rock 'n' roll,schlager,world music",MP3,128
- 1 A - Schlager Kult von 1A Radio,https://1a-schlagerkult.radionetz.de/1a-schlagerkult.mp3,http://www.1aradio.com/,Germany,german,"oldies,schlager,world music",MP3,128
- 1 A - Schlager von 1A Radio,https://1a-schlager.radionetz.de/1a-schlager.aac,http://www.1aradio.com/,Germany,german,"discofox,pop,schlager,various,world music",AAC+,64
- 1 A - Schlager von 1A Radio,https://1a-schlager.radionetz.de/1a-schlager.mp3,http://www.1aradio.com/,Germany,german,"discofox,pop,schlager,various,world music",MP3,128
- 1 A - Volksmusik von 1A Radio,https://1a-volksmusik.radionetz.de/1a-volksmusik.aac,http://www.1aradio.com/,Germany,german,"schlager,volksmusik",AAC+,64
- 1 A - Volksmusik von 1A Radio,https://1a-volksmusik.radionetz.de/1a-volksmusik.mp3,http://www.1aradio.com/,Germany,german,"schlager,volksmusik",MP3,128
- 1 A - Weihnachten von 1A Radio,https://1a-weihnachten.radionetz.de/1a-weihnachten.mp3,http://www.1aradio.com/,Germany,german,"christliche musik,discofox,schlager,weihnachten",MP3,128
- 1 A - Weihnachten von 1A Radio,https://1a-weihnachten.radionetz.de/1a-weihnachten.aac,http://www.1aradio.com/,Germany,german,"christliche musik,discofox,schlager,weihnachten",AAC+,64
"- CHARTS <3 EINFACH....DEIN LIEBLINGSRADIO <3, BEST OF REMIXES, CLUB, DANCE, HANDSUP, MASHUP, REMIX, DJ / DEEJAY, LIVE, TANZMUSIK, GROOVE, EDM, HARD, RAVE, DEEP HOUSE, CHILLOUT, TOP 100, TOP 40, REMIX RADIO, MIX, LOUNGE, SUNSET, AFRO HOUSE, HARDSTYLE, EDM, BLACK, RNB, HIP HOP, MIX, DEEP, SLOW, SLEEP, GERMAN DEEJAY RADIO,  MIXED DJ SET, FESTIVAL, MAINSTREAM,  DE, US, EN RADIO ",https://breakz-high.rautemusik.fm/?ref=radiobrowser-LOVE,https://rm.fm/BREAKZ/feed,Germany,"english,francaise,ger,spain,spanish","#charts,90s,charts,club dance electronic house trance,club house,dance,deep house,dj,dj mix,dj mixes,dj remix,electro house,funky house,hiphop,house,houseparty,música pop,pop dance,progressive house,remixes,rnb,soulful house,tech house,top 100",MP3,192
- TOP 100 - DJ Charts - / - REMIX DEEJAY RADIO - CLUB RADIO - HOUSE - EDM - TECHHOUSE - TECHNO - DANCE - TOP100 - TOP40 - RNB - BLACKMUSIC - HIPHOP - URBAN - REGGEATON - MIXTAPE RADIO - RAVE MUSIC -  LIVE DEEJAY RADIO - LIVE EVENTS,https://radio2.breakz.fm/?ref=rb-gpt-t100,https://www.breakz.fm/,Germany,"american english,english,german,low german","#top100,- dj charts,24/7,adult contemporary,club,club dance,dance,edm,events,hits,hot adult contemporary,house,live show,mashup,minimal techno,mixed,mixtapes,non-stop music,party,pop,pop dance,rave,reggaeton,remix,remixes,rnb,techhouse,techno,top 40,top100,urban",MP3,192
-- NICHT EINSCHALTEN -- !!! Nichts außer House - EDM - HipHop - RnB - Techno - TechHouse - Top 40 Charts - Latin - Afro - Sunset - Beach und Aktuelle Hits -  DJ Mixtape RADIO,https://breakz-2012-high.rautemusik.fm/?ref=rbnichteinschalten,https://rm.fm/breakz/team,Germany,german,"beach,chillout,dance,dj,dj mixes,dj sets,edm,electro,electronic,electronic dance music,hiphop,lounge,mixed,música pop,non-stop music,pop,reggaeton,remix,remixes,techno,top 100,top 40,top charts,top hits,urban",MP3,192
!DEEJAY MIXES!,https://breakz-high.rautemusik.fm/?ref=radiobrowser-deejay,http://rm.fm/breakz/feed/,Germany,"english,german","chillout,chillout+lounge,dj mixes,house,lounge,top40",MP3,192
!REMIX! MASHUP RADIO,https://breakz-high.rautemusik.fm/?ref=radiobrowser27,https://rm.fm/BREAKZ/feed,Germany,"english/ españa/ russian /francia /italia,german","dj,dj remix,dj sets",MP3,192
(((EBM-Radio))),http://www.ebm-radio.org:7000/hq,https://www.ebm-radio.de/,Germany,,,MP3,320
[laut.fm] Freakquency,https://stream.laut.fm/freakquency.pls,https://laut.fm/freakquency,Germany,german,"alternative rock,americana,blues rock,classic rock,jazz-rock,progressive rock,psychedelic rock",MP3,128
[laut.fm] Freakquency,http://stream.laut.fm/freakquency.pls,https://laut.fm/freakquency,Germany,,"alternative rock,americana,blues rock,classic rock,jazz-rock,progressive rock,psychedelic rock",MP3,128
[laut.fm] lofi,https://stream.laut.fm/lofi,https://laut.fm/,Germany,,"hiphop,instrumental,instrumental music,lofi",MP3,128
[laut.fm] Prog Rock Station,http://stream.laut.fm/prog-rock-station,https://laut.fm/prog-rock-station,Germany,,progressive rock,MP3,128
[laut.fm] Progressiv Rock,https://stream.laut.fm/progressiv-rock,https://laut.fm/progressiv-rock,Germany,,"prog rock,progressive rock",MP3,128
[laut.fm] purepure,http://stream.laut.fm/purepure.pls,https://www.purepure.de/,Germany,,"anime,jpop,jrock",MP3,128
[LAUT.FM] Vinvl,http://stream.laut.fm/vinyl,http://stream.laut.fm/vinyl,Germany,,,MP3,128
"# Aktuelle HITS - 24H NON-STOP MUSIC - DANCE & DJ MIX RADIO @ TikTok Hits, Ibiza House, Sunset Lounge, Melodic Music, EDM, Deep House, Dance Music, Techno & Hypertechno, Rave Charts, Top 40 Charts, Latin, Reggaeton Music, Moombahton, Urban Hits, HipHop, Party & Clubbing Radio, Trending Chartmusic, R&B, Urban, Mixtape - & LIVE DJ SET",https://breakz-2012-high.rautemusik.fm/?ref=radiobrowser-akthits,https://rm.fm/breakz/team,Germany,"english,german","#,#charts,#dj,#hits,#mixtapes,00s,90s,adult contemporary,charts,chill house,chillout,club,club dance,clubbing,dance,dance music,deejay,deejay remix,dj remix,dj sets,edm,electro house,electronic,hiphop,hits,house,houseparty,latin music,latin pop,livestream,madewithheart,moombahton,non-stop,pop,pop dance,pop music,popular,rave,reggaeton,remix,rnb,summer,summer hits,summer lounge,summer radio,summer tunes,techno,top 100,top 40,top 40 hits,top charts,top hits,urban,yearmix",MP3,192
# Mainstage Charts - Your FESTIVAL Radio @ EDM - TECHNO - DJ MIXTAPES - RAVE -  LATIN - REGGAETON - MOOMBAHTON - RnB - DJ Charts - HIPHOP - ELECTRO - DEEP HOUSE -  DANCE - LOUNGE - CHILLOUT - SUMMER - IBIZA HOUSE - WEDDING - BACH - SOULFUL - BEACH - CLUB -  GERMANY DJ RADIO - PARTY - BREAKZ - POOL - POP - URBAN - HOT NEW MUSIC,https://breakz-high.rautemusik.fm/?ref=radiobrowser-mainstage,https://rm.fm/breakz/,Germany,"english,german,swiss german","#,+,-,0,00s,bach,beach,black,chill house,chillout+lounge,clubbing,dance,dancehall,deejay,deep house,dj mixes,dj remix,dj sets,edm,electro,hard techno,house,ibiza,ibiza club,latin,lounge,lounge music,mashup,mix,mixed,moombahton,new,new rave,pool beach bar,pop,pop dance,pop music,promodj,rave,reggaeton,remix,rnb,soul,soulful house,summer,sunshine,techno,top charts,top40,urban",MP3,192
"# Mainstream Mornings & Party Nights - (Morning/Day: Mainstream, Top 40, Charts - Evening/Night: Party, House, Techno, DJ Mixes, Live DJs)",https://breakz-high.rautemusik.fm/?ref=maindjatnightrb,https://rm.fm/breakz/team,Germany,"english,german,gernan,swiss german","#90s,90er hitmix,charts,chillout,deep house,dj remix,electro,electro house,electro techno,electronic,electropop,hard techno,hiphop,house,houseparty,hypertechno,latin,latin pop,mixed music,musica latinoamericana,party,partymix,partymusik,pop,pop music,regaeton,remixes,rnb,tech house,techno,top 40,top100,urban",MP3,192
"# PartyHits - Dein Musikmix aus Ballermann, Apres Ski, Wiesn, Karneval, Silvesterparty, TOP 100 Party, Malle, Nonstop, DJ LIVE, Abriss, Feier, Bass, Feiermusik, Partymusik, Apres ski Party, Fussball Hits",https://partyhits-high.rautemusik.fm/?ref=radio-browser-ph2,https://rm.fm/partyhits,Germany,"english,german","""bob"",#,0,11.11,abriss,abrissparty,apresski,ballermann,electronic,eskalation,fasching,feiern,fussball,fußball,karneval,karnevalsmusik,malle,mallorca,nonstop-party-channel,party,party hits,partycharts,partymix,partymusik,wiesn",MP3,192
# REMIX & PARTYBREAKS - Your House - EDM - HipHop - RnB - Techno - TechHouse - Top 40 Charts - Latin - DJ Mixtape RADIO,https://stream.breakz.fm/?ref=radiobrowser-remix-partybreaks-radio,https://rm.fm/breakz,Germany,"english,german","#,#00s,#90,#dj,#partybreaks,#top100,charts,dance,dance house club  electronic techhouse,deep house,dj,dj mix,dj mixes,dj remix,electro house,electro techno,house,latin,latin music,latin pop,liveradio,mixtape,moombahton,partymix,pop,pop dance,r&b/urban,rap hiphop rnb,remix,remixed,remixes,techhouse,techno,top 40,top charts,top100,top40,urban",MP3,192
"# TOP 100 - PartyBreakZ @ DJ Mixe, Partyremixe, Remix Radio, Remix Charts, DJ Remix, Mashup, Remix Hits, Deejay Remix Radio, Partymix, Dance Music, Techno & Hypertechno, Top40, Latin Charts, Reggaeton, Urban, HipHop, Club & Party Radio - & LIVE DJ SETS",https://breakz-high.rautemusik.fm/?ref=radiobrowser-partybreakz,https://rm.fm/breakz/team,Germany,"english,german","#00s,#partybreaks,00s,club hits,clubbing,dance music,dance smashes,dj mix,dj radio,dj remix,dj sets,electronic dance music,hiphop,house techno,houseparty,latin pop,mashup,oldschool hiphop,party,pop dance,public radio,remixed,remixes,rnb,tech house,techno,urban",MP3,192
"# TOP 100 CLUB CHARTS - DANCE & DJ MIX RADIO - 24 HOURS NON-STOP MUSIC @ TikTok Hits, Ibiza House, Sunset Lounge, Melodic Music, EDM, Deep House, Dance Music, Techno & Hypertechno, Rave Charts, Top 40 Charts, Latin, Reggaeton Music, Moombahton, Urban Hits, HipHop, Party & Clubbing Radio, Trending Chartmusic, R&B, Urban, Mixtape - & LIVE DJ SET ",https://breakz-2012-high.rautemusik.fm/?ref=radiobrowser-top100-clubcharts,https://rm.fm/breakz/team,Germany,"english,german","#,#charts,#club,#djmix,#mashup,#radio,#top100,00s,90s,beachclub,charts,chill house,chillout,chillout+lounge,club,club dance,club dance electronic house trance,club house,clubbing,dance house club  electronic techhouse,deejay,deep house,deep music,dj,dj mixes,dj remix,dj sets,edm,electro,electro techno,electronic,funky house,future house,hardstyle/handsup/edm,hip hop,hip-hop,hiphop,house,hypertechno,ibiza,latin,latin music,latin pop,lounge music,mashup,melodic house,minimal,minimal techno,moombahton,pop,progressive house,r&b,r&b/urban,rap hiphop rnb,rave,reggaeton,remixed,remixes,singlecharts,soulful house,sundowner,sunset,tech house,techno,top 40,top100,vocal deep",MP3,192
"# TOP 100 DJ CHARTS - DJ REMIX & CHARTS RADIO @ TikTok Charts, Electronic Music, EDM, House, Deep House, Dance Music, Techno & Hypertechno, Top40, Latin Charts, Reggaeton, Urban, HipHop, Club & Party Radio - & LIVE DJ SETS ",https://breakz-high.rautemusik.fm/?ref=radiobrowser-top100-djcharts,https://rm.fm/breakz,Germany,"american english,deu,deutsch fränkisch,english,english uk,german,swiss german","#90s,#charts,2000s,2010s,bass house,beachclub,charts,chillout,club,club dance electronic house trance,clubbing,dance music,dance top40,dancehall,deejay,deep house,deep techno,dj,dj mixes,dj remix,dj sets,edm,edm radioshows,electro house,electro techno,electronic dance music,funky house,hotel,house,house techno,house/soulful/deep house,houseparty,hypertechno,latin music,live dj,live music,liveset,lounge,mainstream,mainstream music,mainstream urban,mashup,minimal techno,música urbana,partymix,pop,progressive house,radio,radioshow,reggaeton,remix,remixed,rnb,singlecharts,soulful,soulful house,sundowner,techno,technology,top 40 hits,top charts,top hits,top100,urban",MP3,192
#1 - NICHT EINSCHALTEN -- !!! Nichts außer House - EDM - HipHop - RnB - Techno - TechHouse - Top 40 Charts - Latin - Afro - Sunset - Beach - DJ Mixtape RADIO,https://breakz-2012-high.rautemusik.fm/?ref=rb-nichteinschalten,https://www.breakz.fm/,Germany,"english,german","#1,#top,afrobeats,aktuell,dj remix,dj sets,edm,electro,electro house,electronic music,handsup,house,hypertechno,latin pop,lounge,mix,musik,new music,nicht-kommerziell,party,partymix,pop,pop latino,pop music,remixed,remixes,tech house,techno,top 40",MP3,192
#1 Splash 60s,https://c4.auracast.net/radio/8020/radio.mp3,https://www.splashradio.eu/,Germany,english,"1960s,60's,60er,60s,golden music,golden oldies,oldies,oldies 50's/60's,sixties",MP3,128
#1 Splash 70s,https://c4.auracast.net/radio/8040/radio.mp3,https://www.splashradio.eu/,Germany,english,"1960s and 1970s,1970s,70er,70s,70s disco,disco,hits 70's,splash",MP3,128
#1 Splash 80s,https://makri.cdnstream.com/1898_128,https://www.splashradio.eu/,Germany,,"80er,80s,80s radio,all 80s",MP3,128
#1 Splash Christmas,https://ais-sa2.cdnstream1.com/2553_128.mp3,https://www.splashradio.eu/,Germany,english,"christmas,christmas music,klassik weihnachten christmas,splash,weihnachten",MP3,128
#1 Splash Classical,https://ais-sa2.cdnstream1.com/2208_128.mp3,https://www.splashradio.eu/,Germany,english,"baroque,chamber,classical,classical baroque,classical music,classical organ music,classical piano,contemporary classical,splash",MP3,128
#1 Splash Love,https://ais-sa2.cdnstream1.com/2210_128.mp3,https://www.splashradio.eu/,Germany,"english,french,spanish","downtempo,easy listening,love,love song,love songs,lovesongs,musica romantica,romantic,romantica,slow,slow radio",MP3,128
"#CLUB RADIO - DEIN DJ @ HOME - - DJ Remix & Charts, , Electronic Music, EDM, House, Deep House, Techno, Melodic House & Techno, Top40, Latin, Reggaeton, Urban, HipHop, Club & Party Radio",https://breakz-2012-high.rautemusik.fm/?ref=rb-deindj,https://www.rm.fm/breakz?ref=rb,Germany,"deu,german,low german,swiss german","2000s,club dance,clubbing,dance,dj remix,edm,hiphop,house,mixed,party,progressive house,rnb,techhouse,techno,top 40",MP3,192
"#TOP 100 - DJ CHARTS & REMIX RADIO @ TikTok PROMO Charts, Electronic Music, EDM, House, Deep House, Dance Music, Techno & Hypertechno, Top40, Latin Charts, Reggaeton, Urban, Moombahton, Reggaeton, HipHop, Funk, Club & Party Radio - & SUMMER TUNES - 2024 / 2025",https://stream.breakz.fm/?ref=top100radio-browser,https://rm.fm/breakz/team,Germany,"english,german","00's,00s,2000s,2010s,2020s,2024,2025s,2026s,2027s,80s,90s,chillout,chillout+lounge,club,club dance,deep house,dj,dj remix,dj sets,facebook,funk,hard techno,house,houseparty,instagram,klassik,klassik rock,liveradio,livestream,lounge music,minimal techno,mixed,moombahton,non-stop,non-stop music,palm springs,pop dance,promo,promodj,reggaeton,remixed,rnb,rock,soulful house,summer,summer tunes,techhouse,techno,tiktok,top 100,top 40,top charts,top hits,top100,top40,twitter,up to date,winter",MP3,192
"#TOP 100 - DJ CHARTS & REMIX RADIO @ TikTok PROMO Charts, Electronic Music, EDM, House, Deep House, Dance Music, Techno & Hypertechno, Top40, Latin Charts, Reggaeton, Urban, Moombahton, Reggaeton, HipHop, Funk, Club & Party Radio - & SUMMER TUNES - 2024 / 2025",https://stream.breakz.fm/?ref=top100radiobrowser,https://www.breakz.fm/,Germany,english,"00's,00s,2000s,2010s,2020s,2024,2025s,2026s,2027s,80s,90s,chillout,chillout+lounge,club,club dance,deep house,dj,dj remix,dj sets,facebook,funk,hard techno,house,houseparty,instagram,klassik,klassik rock,liveradio,livestream,lounge music,minimal techno,mixed,moombahton,non-stop,non-stop music,palm springs,pop dance,promo,promodj,reggaeton,remixed,rnb,rock,soulful house,summer,summer tunes,techhouse,techno,tiktok,top 100,top 40,top charts,top hits,top100,top40,twitter,up to date,winter",MP3,192
"#TOP 200 DJ CHARTS - JUST MUSIC - DJ REMIX & CHARTS RADIO @ TikTok Charts, Electronic Music, EDM, House, Deep House, Dance Music, Techno & Hypertechno, Top40, Latin Charts, Reggaeton, Urban, HipHop, Club & Party Radio - & LIVE DJ SETS @ Festival Melodic House, Melodic Techno. Best 100 Lounge, Mixed Radio Station @ PartyHits / Schlager Remix Top 50",https://breakz-high.rautemusik.fm/stream.mp3?ref=DJCHARTSRB,https://www.breakz.fm/,Germany,"english,german","#00s,#80,#top200,90's,90s,bass,chillout,dance,deep house,discofox+schlager,dj,dj remix,electronic,electronica,festivals,hiphop,hot adult contemporary,house,liveradio,livestream,lounge,minimal,moombahton,pop,pop dance,pop music,reggae,reggaeton,remixes,rnb,schlager,techno,top 100,top 40,top 40 hits,top charts,top100,top200,urban",MP3,192
0-100 80er/90er - laut.fm,https://0-100-80er-90er.stream.laut.fm/0-100-80er-90er,https://laut.fm/0-100-80er-90er,Germany,german,"80er,90er,charts,hits",MP3,128
007FM,http://stream.laut.fm/ruffneck-smille?ref=radiode,http://ackee-and-saltfish.de.tl/,Germany,german,"reggae,ska",MP3,128
0nline DEEJAY RADIO,https://radio2.breakz.fm/?ref=radiobrowser26,http://breakz.fm/,Germany,german,"chillout,chillout+lounge,edm,house,lounge,lounge music,techno,top 40",MP3,192
0nline DJ MIX,https://stream.breakz.fm/,http://rm.fm/breakz,Germany,german,,MP3,192
0nlineradio,https://stream.0nlineradio.com/jazz?ref=radiobrowser,https://0nlineradio.com/,Germany,"english,german","acid jazz,classic jazz,cool jazz,jazz,smooth jazz,vocal jazz",MP3,192
0nlineradio - TRENDING CHARTS,https://stream.0nlineradio.com/trending-charts,https://0nlineradio.com/,Germany,"american english,deutsch fränkisch,english,german,swiss german","2023s,charts,dance,electro,electronic,hits,hot hits,pop,pop music,top 40,top charts",MP3,192
0nlineradio 2000er,https://stream.0nlineradio.com/2000er?ref=radiobrowser,https://0nlineradio.com/,Germany,"english,german","2000er,2000s,größte pop-hits der 2000er,hiphop,pop,rnb,rock",MP3,192
0nlineradio 2010er,https://stream.0nlineradio.com/2010er?ref=radiobrowser,https://0nlineradio.com/,Germany,"english,german","2010's,2010er,2010s,charts,edm,electro,electronic,hits,house,top charts",MP3,192
0nlineradio 50s,https://stream.0nlineradio.com/50s?ref=radiobrowser,https://0nlineradio.com/,Germany,"english,german","50s,60s,classic rock oldies soul,discofox oldies,golden oldies,goldies,oldies,oldies 50's/60's",MP3,192
0nlineradio 60s,https://stream.0nlineradio.com/60s?ref=radiobrowser,https://0nlineradio.com/,Germany,,,MP3,192
0nlineradio 70s,https://stream.0nlineradio.com/70s?ref=radiobrowser,https://0nlineradio.com/,Germany,"english,german","70s,80s,golden oldies,goldies,oldies,oldies 50's/60's",MP3,192
0nlineradio 80s,https://stream.0nlineradio.com/80s?ref=radiobrowser,https://0nlineradio.com/,Germany,"english,german","1980s,80er,80s,discofox oldies,goldies,oldies",MP3,192
0nlineradio 80s ROCK,https://stream.0nlineradio.com/80s-rock?ref=radiobrowser,https://0nlineradio.com/,Germany,"english,german","1980s,80er,80s,80s rock,classic rock,classic rock oldies,rock",MP3,192
0nlineradio 90s,https://stream.0nlineradio.com/90s?ref=radiobrowser,https://0nlineradio.com/,Germany,"english,german","1990s,90's,90er,90s,discofox oldies,goldies,hip-hop and rap oldies,hits 90's,oldies",MP3,192
0nlineradio AMERICAN CHRISTMAS,https://stream.0nlineradio.com/us-christmas?ref=radiobrowser,https://0nlineradio.com/,Germany,"american english,english,german","americana,ballads,christian,christian contemporary,christian music,christmas,christmas music,holiday,seasonal",MP3,192
0nlineradio BACH,https://stream.0nlineradio.com/bach?ref=radiobrowser,https://0nlineradio.com/,Germany,,,MP3,192
0nlineradio BEETHOVEN,https://stream.0nlineradio.com/beethoven?ref=radiobrowser,https://0nlineradio.com/,Germany,,"boston,boston symphony orchestra,classic,classic hits,classical,symphonic,symphony",MP3,192
0nlineradio BRAZIL,https://stream.0nlineradio.com/brazil?ref=radiobrowser,https://0nlineradio.com/,Germany,"english,german","bachata,brasil,brasilia,brazilian music,latin,latin music,salsa",MP3,192
0nlineradio CHILLOUT,https://stream.0nlineradio.com/chillout?ref=radiobrowser,https://0nlineradio.com/,Germany,"english,german","chill,chillout,downtempo,easy listening,relax,relaxing,rnb,slow",MP3,192
0nlineradio CHRISTMAS,https://stream.0nlineradio.com/christmas?ref=radiobrowser,https://0nlineradio.com/,Germany,"english,german","ballade,ballads,christian,christmas,christmas music,weihnachten",MP3,192
0nlineradio CINEMA HITS,https://stream.0nlineradio.com/cinema-hits?ref=radiobrowser,https://0nlineradio.com/,Germany,"english,german","cinema,movie,movie soundtracks,movies,soundtracks",MP3,192
0nlineradio CLASSIC ROCK,https://stream.0nlineradio.com/classic-rock?ref=radiobrowser,https://0nlineradio.com/,Germany,"english,german","active rock,classic rock,classical,classics,rock,rock'n'roll",MP3,192
0nlineradio COUNTRY,https://stream.0nlineradio.com/country?ref=radiobrowser,https://0nlineradio.com/,Germany,"english,german","alternative country,classic country,classic rock,country,country music,country rock,new country,rock,texas country",MP3,192
0nlineradio DEUTSCH,https://stream.0nlineradio.com/deutsch?ref=radiobrowser,https://0nlineradio.com/,Germany,german,,MP3,192
0nlineradio DEUTSCHRAP,https://stream.0nlineradio.com/deutschrap?ref=radiobrowser,https://0nlineradio.com/,Germany,"english,german","deutsch,deutsche lieder,deutschrap,gangst rap,german,hiphop,rap,rnb",MP3,192
0nlineradio DEUTSCHROCK,https://stream.0nlineradio.com/deutschrock?ref=radiobrowser,https://0nlineradio.com/,Germany,"english,german","deutschrock,german",MP3,192
0nlineradio GOSPEL,https://stream.0nlineradio.com/gospel?ref=radiobrowser,https://0nlineradio.com/,Germany,"english,german","christian-gospel,gospel,gospel music,gospel pop,southern gospel",MP3,192
0nlineradio GRAN PRIX,https://stream.0nlineradio.com/grandprix?ref=radiobrowser,https://0nlineradio.com/,Germany,"english,german","charts,dance,euro hits,eurodance,european,european music,europop,eurovision,eurovision song contest,hits,pop",MP3,192
0nlineradio GREATEST HITS,https://stream.0nlineradio.com/greatest-hits?ref=radiobrowser,https://0nlineradio.com/,Germany,"english,german","70er,70s,80er,80s,90er,90s,classic rock oldies soul,golden music,golden oldies,goldies,hip-hop and rap oldies,hits,old time radio,oldies",MP3,192
0nlineradio HÄNDEL,https://stream.0nlineradio.com/haendel?ref=radiobrowser,https://0nlineradio.com/,Germany,"english,german","classic,classic jazz,classical,classical music,classics,instrumental,klassik",MP3,192
0nlineradio HOUSE,https://stream.0nlineradio.com/house?ref=radiobrowser,https://0nlineradio.com/,Germany,"english,german","dance,dance music,edm,electro,electronic,house,pop dance,techno",MP3,192
0nlineradio KARNEVAL,https://stream.0nlineradio.com/karneval?ref=radiobrowser,https://0nlineradio.com/,Germany,"english,german","carnival,hits,karneval,live,party,rock,traditional",MP3,192
0nlineradio LATIN,https://stream.0nlineradio.com/latin?ref=radiobrowser,https://0nlineradio.com/,Germany,"english,german","hiphop,latin,latin music,latino,moombahton,musica latina,rap,reggaeton,spain",MP3,192
0nlineradio LO-FI,https://stream.0nlineradio.com/lo-fi?ref=radiobrowser,https://0nlineradio.com/,Germany,"english,german","chillout,easy listening,easy listning,lofi,relax,relaxing",MP3,192
0nlineradio LOVEHITS,https://stream.0nlineradio.com/lovehits?ref=radiobrowser,https://0nlineradio.com/,Germany,"english,german","liebe,liebeslieder,love,love song,love songs,lovesongs,pop,rnb",MP3,192
0nlineradio METAL,https://stream.0nlineradio.com/metal?ref=radiobrowser,https://0nlineradio.com/,Germany,"english,german","death metal,hard rock,heavy metal,metal,nu metal,rock",MP3,192
0nlineradio MOZART,https://stream.0nlineradio.com/mozart?ref=radiobrowser,https://0nlineradio.com/,Germany,,,MP3,192
0nlineradio NEUE DEUTSCHE WELLE,https://stream.0nlineradio.com/neuedeutschewelle?ref=radiobrowser,https://0nlineradio.com/,Germany,german,"deutsch,deutsch pop,deutschrock,ndw,neue deutsche härte",MP3,192
0nlineradio PARTY,https://stream.0nlineradio.com/party?ref=radiobrowser,https://0nlineradio.com/,Germany,"english,german","apresski,dance,disco,discofox,discofox+schlager,edm,party,schlager",MP3,192
0nlineradio QUEER,https://stream.0nlineradio.com/queer?ref=radiobrowser,https://0nlineradio.com/,Germany,"dutch,english,german","charts,dance,edm,electronic,gay,german,hits,pop",MP3,192
0nlineradio REMIX,https://stream.0nlineradio.com/remix?ref=radiobrowser,https://0nlineradio.com/,Germany,"english,german","charts,dance,dj remix,edm,electro,electronic,hiphop,hits,latin,mashup,mixtapes,pop,rap hiphop rnb,reggaeton,remix,remixes,rnb,urban",MP3,192
0nlineradio ROCK,https://stream.0nlineradio.com/rock?ref=radiobrowser,https://0nlineradio.com/,Germany,"english,german","active rock,alternative rock,classic rock,hard rock,pop rock,progressive rock,punk,rock,rock'n'roll",MP3,192
0nlineradio SCHLAGER,https://stream.0nlineradio.com/schlager?ref=radiobrowser,https://0nlineradio.com/,Germany,"english,german","dance,dance music,disco,discofox,discofox+schlager,schlager,schlagerhits",MP3,192
0nlineradio SCHLAGER EVERGREENS,https://stream.0nlineradio.com/schlager-evergreens?ref=radiobrowser,https://0nlineradio.com/,Germany,"english,german","disco,discofox,discofox+schlager,hits,oldies,schlager",MP3,192
0nlineradio SCHLAGER OLDIES,https://stream.0nlineradio.com/schlager-oldies?ref=radiobrowser,https://0nlineradio.com/,Germany,"english,german","70s,80s,90s,disco,discofox,discofox+schlager,golden oldies,goldies,oldies,schlager",MP3,192
0nlineradio SCHUBERT,https://stream.0nlineradio.com/schubert?ref=radiobrowser,https://0nlineradio.com/,Germany,"english,german","boston symphony orchestra,classic,classic hits,classical,symphonic,symphony",MP3,192
0nlineradio SCHUMANN,https://stream.0nlineradio.com/schumann?ref=radiobrowser,https://0nlineradio.com/,Germany,"english,german","boston symphony orchestra,classic hits,classical,symphonic,symphony",MP3,192
0nlineradio SOFT ROCK,https://stream.0nlineradio.com/soft-rock?ref=radiobrowser,https://0nlineradio.com/,Germany,"english,german","70s soft rock,80s soft rock,pop rock,rock,rock'n'roll,soft rock",MP3,192
0nlineradio TOP40,https://stream.0nlineradio.com/top40?ref=radiobrowser,https://0nlineradio.com/,Germany,"english,german","charts,german,hits,pop,rap,rock,top 40,top40",MP3,192
0nlineradio URBAN,https://stream.0nlineradio.com/urban?ref=radiobrowser,https://0nlineradio.com/,Germany,"english,german","german rap,hiphop,latin,latino,rap hiphop rnb,rnb,urban",MP3,192
0nlineradio VIVALDI,https://stream.0nlineradio.com/vivaldi?ref=radiobrowser,https://0nlineradio.com/,Germany,"english,german","classic,classical,classical music,classics,instrumental,klassik,vivaldi",MP3,192
0nlineradio VOLKSMUSIK,https://stream.0nlineradio.com/volksmusik?ref=radiobrowser,https://0nlineradio.com/,Germany,"english,german","blasmusik,disco,discofox,german,schlager,volksmusik",MP3,192
1 4 1 Jazz,http://stream.laut.fm/1-4-1,https://laut.fm/1-4-1,Germany,"english,german","jazz,smooth jazz",MP3,128
1 4 1 Progressive,http://stream.laut.fm/1-4-1-progressive.m3u,http://stream.laut.fm/1-4-1-progressive,Germany,german,"progressive rock,rock",MP3,128
1 reggae joint,https://jointil.com/stream-reggae,https://www.jointil.com/radio/,Germany,,"dub,dub reggae,reggae,reggeton,roots reggae,smooth reggae",MP3,320
1_slowradio,http://stream.laut.fm/1_slowradio,http://laut.fm/1_slowradio,Germany,german,"60s,70s,love,slow",MP3,128
1-Fantasy Augsburg,https://edge59.streamonkey.net/fantasy-934,https://www.fantasy.de/,Germany,,,AAC,0
"100,5 DAS HITRADIO Alemannia-Livestream",https://stream.dashitradio.de/alemannia/mp3-128/stream.mp3,https://stream.dashitradio.de/alemannia/mp3-128/stream.mp3,Germany,,,MP3,128
100% Radio-Zoom.de,https://office.radio-zoom.de/webplayer,http://www.radio-zoom.de/,Germany,german,pop rock country original score decades electronic,MP3,192
1000 2000er - laut.fm,https://10002000er.stream.laut.fm/10002000er,https://laut.fm/10002000er,Germany,german,"aktuell,hip-hop,pop",MP3,128
1000 70er,http://100070er.stream.laut.fm/100070er,,Germany,,,MP3,128
1000 70er - laut.fm,https://100070er.stream.laut.fm/100070er,https://laut.fm/100070er,Germany,german,"70er,oldies,pop,rock,soul",MP3,128
1000 80 Hits,https://ais-sa9.cdnstream1.com/1898_128,https://1000hits80s.eu/,Germany,,,MP3,128
1000 80er - laut.fm,https://100080er.stream.laut.fm/100080er,https://laut.fm/100080er,Germany,german,"80er,pop",MP3,128
1000 90er - laut.fm,https://100090er.stream.laut.fm/100090er,https://laut.fm/100090er,Germany,german,"90er,dance,pop",MP3,128
1000 Christmashits,http://1000christmashits.stream.laut.fm/1000christmashits,http://1000christmashits.de/,Germany,german,christmas music,MP3,128
1000 Country Hits,http://stream.laut.fm/1000countryhits,https://1000countryhits.de/,Germany,german,country music,MP3,128
1000 Dance,http://stream.laut.fm/1000dance,https://1000dance.de/,Germany,"english,gernan","club dance,dance,dj mix,house",MP3,128
1000 Dance,https://stream.laut.fm/1000dance.m3u,http://radiosummernight.ch/,Germany,german,"dance,italo dance,pop dance",MP3,128
1000 Discohits,http://stream.laut.fm/1000discohits,http://1000discohits.de/,Germany,,"70s,80s,dance,disco,oldies",MP3,128
1000 GOLDIES,https://stream.laut.fm/1000goldies,https://laut.fm/1000goldies,Germany,english,"60s,70s,80s,90s,goldies,oldies",MP3,128
1000 Goldschlager,https://1000goldschlager.stream.laut.fm/1000goldschlager,https://1000goldschlager.de/,Germany,german,,MP3,128
1000 Hamburg,https://stream.laut.fm/1000hamburg,https://1000.hamburg/,Germany,german,"charts,dance,electronic,pop,top 40",MP3,128
1000 Hiphop,http://stream.laut.fm/1000hiphop,http://rsn.li/,Germany,german,"hiphop,trap",MP3,128
1000 Hits 60s,http://c4.auracast.net:8020/stream,,Germany,german,lounge,MP3,128
1000 HITS Love,http://c2.auracast.net:8097/stream,http://www.1000hitslove.eu/,Germany,,,MP3,128
1000 Jazz Hits,http://stream.laut.fm/1000jazzhits,,Germany,german,"pop,rock",MP3,128
1000 Melodien,http://stream.laut.fm/1000melodien,http://1000melodien.de/,Germany,,"ambient,easy listening,instrumental",MP3,128
1000 Oldies - laut.fm,https://1000oldies.stream.laut.fm/1000oldies,https://laut.fm/1000oldies,Germany,german,"60er,70er,80er,90er,oldies,pop,r&b,rock,soul",MP3,128
1000 Radiohits,http://1000radiohits.stream.laut.fm/1000radiohits,https://1000radiohits.de/,Germany,german,adult contemporary,MP3,128
1000 Techno,https://stream.laut.fm/1000techno.m3u,http://rsn.li/,Germany,german,"deep techno,hard techno,techno",MP3,128
1000 Weihnachten,https://stream.laut.fm/1000weihnachten,http://radiosummernight.ch/,Germany,"english,german","christmas,christmas music,klassik weihnachten christmas,weihnachten",MP3,128
1001 TRUMPET SONG ,https://stream.laut.fm/1001-trumpet-song,https://laut.fm/1001-trumpet-song,Germany,english,"classic - instrumental,classic jazz,instrumental,instrumental music,jazz,jazz fusion,nu-jazz,smooth jazz",MP3,128
100Rock,http://stream.laut.fm/100rock,https://www.hitradiogermany.net/,Germany,german,"classic rock,hard rock,metal,rock",MP3,128
101FM - 80s,http://stream.laut.fm/0-24_80er_pop_rock,http://www.101fm.de/,Germany,german,"80s,pop,rock",MP3,128
101FM - 90s,http://stream.laut.fm/0-24_90er_pop_rock,http://www.101fm.de/,Germany,german,"90s,pop,rock",MP3,128
101FM - Charts,http://stream.laut.fm/0-24_charts_pop_rock,http://www.101fm.de/,Germany,german,"charts,dance,hits,pop,top 100",MP3,128
101FM - Main,http://stream.laut.fm/101fm,http://www.101fm.de/,Germany,german,"pop,rock,top 40",MP3,128
101FM - Oldies,http://0-24oldiespoprock.stream.laut.fm/0-24_oldies_pop_rock?t302=2018-02-08_09-30-33&uuid=3ac88db9-1764-4e5a-a776-f42c2a4ffe7a,http://www.101fm.de/,Germany,german,"oldies,pop,rock",MP3,128
101FM - Schlager,http://0-24schlagervolksmusik.stream.laut.fm/0-24_schlager_volksmusik,http://www.101fm.de/,Germany,german,"schlager,volksmusik",MP3,128
102.2 Радио Эссен,https://edge69.streamonkey.net/wf-radioessen/stream/mp3?aggregator=eigeneweb,https://www.radioessen.de/,Germany,,,MP3,128
104.6 RTL,http://stream.104.6rtl.com/rtl-live/mp3-192/radio-browser.info/,http://www.104.6rtl.com/,Germany,german,"adult contempary,hits",MP3,0
104.6 RTL 60er & 70er,http://stream.104.6rtl.com/rtl-60er70er/mp3-128/radio-browser.info/,http://www.104.6rtl.com/programm/radio-hoeren/webradios/das-beste-der-60er-70er,Germany,german,"60s,70s,oldies",MP3,0
104.6 RTL Best of Black,http://stream.104.6rtl.com/rtl-black/mp3-128/radio-browser.info/,http://www.104.6rtl.com/,Germany,german,"hiphop,rap,rnb,urban",MP3,0
104.6 RTL Best of Rock,http://stream.104.6rtl.com/rtl-poprock/mp3-128/radio-browser.info/,http://www.104.6rtl.com/,Germany,german,"pop,rock",MP3,0
104.6 RTL Dance-Hits,http://rtlberlin.streamabc.net/rtlb-rtlbmjzryazozzq0w9-mp3-192-9147668?sABC=645n5pp9%230%2345osr300nq90oopr68qq43360r72sp16%23yvirbayvarenqvb&aw_0_1st.playerid=liveonlineradio&amsparams=playerid:liveonlineradio;skey:1683643593,https://www.104.6rtl.com/,Germany,"english,german","dance,dj remix,eurodance",MP3,0
104.6 RTL Das Beste der 80er,http://stream.104.6rtl.com/rtl-80er/mp3-128/radio-browser.info/,http://www.104.6rtl.com/,Germany,german,80s,MP3,0
104.6 RTL Das Beste der 90er,http://stream.104.6rtl.com/rtl-90er/mp3-128/radio-browser.info/,http://www.104.6rtl.com/,Germany,german,90s,MP3,0
104.6 RTL Die besten neuen Hits,http://stream.104.6rtl.com/rtl-neue-hits/mp3-128/radio-browser.info/,http://www.104.6rtl.com/,Germany,german,"berlin,hits,new",MP3,0
104.6 RTL live,http://rtlberlin.streamabc.net/rtlb-1046rtllive-mp3-192-4947175,https://www.104.6rtl.com/,Germany,german,,MP3,0
104.6 RTL NFL Radio,https://rtlberlin.streamabc.net/rtlb-nflradio-mp3-128-1113369,https://www.104.6rtl.com/,Germany,german,sports talk,MP3,0
104.6 RTL Top 40,http://stream.104.6rtl.com/rtl-top40/aac-64/radio-browser.info/,http://www.104.6rtl.com/,Germany,german,"berlin,charts,pop,top 40",AAC,0
105'5 Spreeradio,http://stream.spreeradio.de/spree-live/mp3-192/radio-browser.info/,http://www.spreeradio.de/,Germany,german,"berlin,hits,mix",MP3,0
105'5 Spreeradio,"http://www.surfmusik.de/m3u/station/105-5-spreeradio,962.m3u",http://www.spreeradio.de/,Germany,german,mix,MP3,0
105'5 Spreeradio - Wellness - Berlin ,https://rtlberlin.streamabc.net/rtlb-wellness-aacplus-64-2835105?sABC=6752ns14%230%23724nsr480r9ps6r95pqn750064rp0o5r%23&aw_0_1st.playerid=&amsparams=playerid:;skey:1733472020,https://www.spreeradio.de/,Germany,,"chill,medieval,relax",AAC,0
105'5 Spreeradio 80er,http://stream.spreeradio.de/spree-80er/mp3-128/radio-browser.info/,http://www.spreeradio.de/,Germany,german,"80s,berlin",MP3,0
105'5 Spreeradio Love,http://stream.spreeradio.de/spree-love/mp3-128/radio-browser.info/,http://www.spreeradio.de/musik/webradios/1055-spreeradio-love,Germany,german,"amore,liebe,love,love songs",MP3,0
105‘5 Spreeradio Rock,http://stream.spreeradio.de/spree-rock/mp3-128/radio-browser.info/,http://www.spreeradio.de/,Germany,german,"rock,soft rock",MP3,0
12XU,http://stream.laut.fm/12xu,http://onetwoxu.de/,Germany,german,"garage punk,indie rock,noise rock,post-punk,punk",MP3,128
14482 Babelsberg Hitradio,http://46.163.75.84:8000/,http://www.babelsberg-hitradio.de/,Germany,german,,MP3,192
180 Grad FM,https://180grad-fm.stream.laut.fm/180grad-fm,http://www.180grad-fm.com/,Germany,"english,german","classic hits,hits,pop,top hits",MP3,128
181.fm classical music,http://icyrelay.181.fm/181-classical_128k.mp3,http://icyrelay.181.fm/,Germany,,,MP3,128
1A 2000er Hits,http://stream.1a-webradio.de/saw-2000er/mp3-128/radio-browser-1A/stream.mp3,http://www.1a-webradio.de/,Germany,german,00s,AAC,0
1A 2000er Hits,http://stream.1a-webradio.de/saw-2000er/aac-48/radiosure-1a/stream.mp3,https://www.1a-webradio.de/2000er,Germany,german,"00s,pop",AAC,0
1A 70er Hits,http://stream.1a-webradio.de/saw-70er/mp3-128/radio-browser-1A/stream.mp3,http://www.1a-webradio.de/,Germany,german,70s,AAC,0
1A 70er Hits,http://stream.1a-webradio.de/saw-70er/aac-48/radiosure-1a/stream.mp3,http://www.1a-webradio.de/,Germany,german,"70er,hits",AAC,0
1A 80er Hits,http://stream.1a-webradio.de/saw-80er/aac-48/radiosure-1a/stream.mp3,https://www.1a-webradio.de/80er,Germany,german,80s,AAC,0
1A 80er Hits,http://stream.1a-webradio.de/saw-80er/mp3-128/radio-browser-1A/stream.mp3,http://www.1a-webradio.de/,Germany,german,80s,AAC,0
1A 90er Hits,http://stream.1a-webradio.de/saw-90er/mp3-128/radio-browser-1A/stream.mp3,http://www.1a-webradio.de/,Germany,german,90s,AAC,0
1A 90er Hits,http://stream.1a-webradio.de/saw-90er/aac-48/radiosure-1a/stream.mp3,https://www.1a-webradio.de/90er,Germany,german,90s,AAC,0
1A Deutsche Hits,http://stream.1a-webradio.de/saw-deutsch/mp3-128/radio-browser-1A/stream.mp3,http://www.1a-webradio.de/,Germany,german,deutsche lieder,AAC,0
1A Deutsche Hits,https://stream.radiosaw.de/saw-deutsch/mp3-192/radio-browser/,https://www.1a-deutsche-hits.de/,Germany,german,pop,MP3,0
1A Deutsche Hits,http://stream.1a-webradio.de/saw-deutsch/aac-48/radiosure-1a/stream.mp3,http://www.1a-webradio.de/,Germany,german,"deutsche,hits",AAC,0
1A Deutsche Hits,http://stream.1a-webradio.de/deutsch/mp3-128,,Germany,german,party,MP3,0
1A Fitness Hits,http://stream.1a-webradio.de/saw-fitness/mp3-128/radio-browser-1a/stream.mp3,http://www.1a-webradio.de/,Germany,german,"dance,sport,workout",AAC,0
1A Fitness Hits,http://stream.1a-webradio.de/saw-fitness/aac-48/radiosure-1a/stream.mp3,http://www.1a-webradio.de/,Germany,german,"dance,sport,workout",AAC,0
1A Good Life,http://stream.1a-webradio.de/saw-goodlife/aac-48/radiosure-1a/stream.mp3,http://www.1a-webradio.de/,Germany,,"chillout,easy listening",AAC,0
1A Good Life,http://stream.1a-webradio.de/saw-goodlife/mp3-128/radio-browser-1a/stream.mp3,http://www.1a-webradio.de/,Germany,,"chillout,easy listening",AAC,0
1A Hits für Kids,http://stream.1a-webradio.de/saw-kids/mp3-128/radio-browser-1a/stream.mp3,http://www.1a-webradio.de/,Germany,,"children,kids",AAC,0
1A Hits für Kids,http://stream.1a-webradio.de/saw-kids/aac-48/radiosure-1a/stream.mp3,http://www.1a-webradio.de/,Germany,german,"children,kids,kinder",AAC,0
1A Neuheiten,http://stream.1a-webradio.de/saw-neuheiten/aac-48/radiosure-1a/stream.mp3,https://www.1a-webradio.de/neuheiten,Germany,german,new music,AAC,0
1A Neuheiten,http://stream.1a-webradio.de/saw-neuheiten/mp3-128/radio-browser-1A/stream.mp3,http://www.1a-webradio.de/,Germany,german,new music,AAC,0
1A Party Hits,http://stream.1a-webradio.de/saw-party/aac-48/radiosure-1a/stream.mp3,https://www.1a-webradio.de/party,Germany,german,"hits,party",AAC,0
1A Party Hits,http://stream.1a-webradio.de/saw-party/mp3-128/radio-browser-1A/stream.mp3,http://www.1a-webradio.de/,Germany,german,party,AAC,0
1A Partyschlager,http://stream.1a-webradio.de/saw-partyschlager/mp3-128,,Germany,german,"pop,rock",MP3,0
1A Partyschlager,http://stream.1a-webradio.de/saw-partyschlager/aac-48/radiosure-1a/stream.mp3,http://www.1a-webradio.de/,Germany,,"party,schlager",AAC,0
1A Rock Songs,http://stream.1a-webradio.de/saw-rock/mp3-128/radio-browser-1A/stream.mp3,http://www.1a-webradio.de/,Germany,german,rock,AAC,0
1A Rock Songs,http://stream.1a-webradio.de/saw-rock/aac-48/radiosure-1a/stream.mp3,http://www.1a-webradio.de/,Germany,,rock,AAC,0
1A Urban Music,http://stream.1a-webradio.de/saw-urban/aac-48/radiosure-1a/stream.mp3,http://www.1a-webradio.de/,Germany,german,"black,hiphop,rap,soul",AAC,0
1A Urban Music,http://stream.1a-webradio.de/saw-urban/mp3-128/radio-browser-1a/stream.mp3,http://www.1a-webradio.de/,Germany,,"black,hiphop,rap,soul",AAC,0
1LIVE,http://wdr-1live-live.icecast.wdr.de/wdr/1live/live/mp3/128/stream.mp3,http://wdr-1live-live.icecast.wdr.de/wdr/1live/live/mp3/128/stream.mp3,Germany,http://wdr-1live-live.icecast.wdr.de,,MP3,128
1LIVE,https://wdr-1live-live.icecastssl.wdr.de/wdr/1live/live/mp3/128/stream.mp3,https://einslive.de/,Germany,german,"ard,pop,public radio,rock,wdr",MP3,128
1LIVE Chillout,https://wdr-1live-chillout.icecast.wdr.de/wdr/1live/chillout/mp3/128/stream.mp3,https://www1.wdr.de/radio/1live/musik/1live-streams/loopstream-1live-chillout-100.html,Germany,deu,chillout,MP3,128
1LIVE Dance Hits,https://wdr-1live-dancehits.icecast.wdr.de/wdr/1live/dancehits/mp3/128/stream.mp3,https://www1.wdr.de/radio/1live/musik/1live-streams/loopstream-1live-dance-hits-100.html,Germany,deu,"dance,hits",MP3,128
1LIVE DIGGI -- (https),https://wdr-1live-diggi.icecastssl.wdr.de/wdr/1live/diggi/mp3/128/stream.mp3,https://www1.wdr.de/radio/1live-diggi/index.html,Germany,german,,MP3,128
1LIVE DJ SESSION,http://wdr-1live-djsession.icecast.wdr.de/wdr/1live/djsession/mp3/128/stream.mp3,https://www1.wdr.de/radio/1live/index.html,Germany,,,MP3,128
1LIVE Fiehe,http://wdr-1live-fiehe.icecast.wdr.de/wdr/1live/fiehe/mp3/128/stream.mp3,https://www1.wdr.de/radio/1live/on-air/sendungen/1live-fiehe/index.html,Germany,german,"1 live,1 live fiehe,ambient,drum and bass,dubstep,freestyle,klaus fiehe,krautrock,minimal,raum und zeit",MP3,128
1LIVE Mix der Woche,https://wdr-1live-mixderwoche.icecast.wdr.de/wdr/1live/mixderwoche/mp3/128/stream.mp3,https://www1.wdr.de/radio/1live/musik/1live-streams/loopstreams-1live-mix-der-woche-100.html,Germany,deu,mix,MP3,128
1LIVE RnB & Hip Hop,https://wdr-1live-hiphoprnb.icecast.wdr.de/wdr/1live/hiphoprnb/mp3/128/stream.mp3,https://www1.wdr.de/radio/1live/musik/1live-streams/loopstream-1live-rnb-hiphop-100.html,Germany,deu,"hip hop,rap hiphop rnb,rnb",MP3,128
1LIVE Rock Hits,https://wdr-1live-rockhits.icecast.wdr.de/wdr/1live/rockhits/mp3/128/stream.mp3,https://www1.wdr.de/radio/1live/musik/1live-streams/loopstreams-1live-rock-hits-100.html,Germany,deu,rock,MP3,128
1LIVE Top Hits,https://wdr-1live-tophits.icecast.wdr.de/wdr/1live/tophits/mp3/128/stream.mp3,https://www1.wdr.de/radio/1live/musik/1live-streams/loopstream-1live-top-hits-100.html,Germany,deu,top hits,MP3,128
1st-House,https://stream.laut.fm/1st-house,https://laut.fm/1st-house,Germany,german,house,MP3,128
2 Bclub,https://stream.laut.fm/2bclub,,Germany,,,MP3,128
2000er Hits (by MineMusic),https://laut.fm/minemusic-2000er,https://minemusic.eu/,Germany,german,"2000er,deutsch,germany,größte pop-hits der 2000er,hiphop,hits,minemusic,pop,radio,rock,webradio",MP3,128
3Chords allez Ist Punk,http://stream.laut.fm/3chords,https://streamd.de/sendeplan/sendungen/allezistpunk/,Germany,german,"deutschrock,punk",MP3,128
440Hz Radio,https://www.440hz-radio.de/tunein.pls,https://www.440hz-radio.de/,Germany,german,,OGG,0
50s 60s Radio,https://50s60s-radio.stream.laut.fm/50s60s-radio?,https://50s60s-radio.stream.laut.fm/,Germany,german,oldies,MP3,128
50s60s Radio,http://stream.laut.fm/50s60s-radio,http://laut.fm/50s60s-radio,Germany,,decades,MP3,128
54 Funk Soul Dance (laut.fm),http://stream.laut.fm/54-funk-soul-dance.pls,https://laut.fm/54-funk-soul-dance,Germany,"english,german","dance,disco,funk,soul",MP3,128
54 House fm,https://54house.fm:9013/stream,https://www.54house.fm/,Germany,german,,MP3,192
54house.fm Clubstream,http://62.138.2.128:8003/stream,http://club.54house.fm/,Germany,german,"disco,house",MP3,192
54house.fm Disco,http://62.138.2.128:8009/stream,http://54house.fm/,Germany,german,"disco,house",MP3,192
60ies Bar-Lounge,https://stream.klassikradio.de/60iesbl/mp3-192/radiode,https://play.klassikradio.de/categories/fur-jazz-liebhaber/60ies-bar-lounge,Germany,,"classic jazz,lounge,vocal jazz",MP3,0
674FM,http://audio.674.fm/stream,http://674.fm/,Germany,german,"alternative,breakbeat,deep house,disco,drum and bass,electronica,funk,hiphop,house,minimal techno,rap,soul,techno",MP3,320
70's 80's 90's Riw Vintage Channel,https://stream.laut.fm/70s-80s-90s-riw-vintage-channel,https://laut.fm/70s-80s-90s-riw-vintage-channel,Germany,english,"128 kbit/s,128 kbps,1970s,1980's,1990s,70,70 80 hits,70's,70er,70s,70s disco,80,80's,80er,80s,80s rock,90,90's,90er,90s,90s y más,classic hits,classic rock,community radio,dance,discomusic 70,discomusic 80,electronic,entretenimiento,fm,german,germany,gold hits,golden oldies,goldies,hits,hits 70's,local radio,music,musica,música pop,news,oldies,only the golden classics,pop,pop music,pop rock,public radio,radio,rock,the best of 80's,vintage,vintage music",MP3,128
70er Hits (by MineMusic),http://stream.laut.fm/70er-abc,https://minemusic.eu/,Germany,,"70er,oldies",MP3,128
70ER-80ER KULTNIGHT,http://streams.harmonyfm.de/hrmchannels/mp3/hq70er80erkultnight.m3u,https://www.harmonyfm.de/,Germany,,80s,MP3,128
8080s deutsch,http://regiocast.streamabc.net/regc-80s80sdeutsch9246502-mp3-192-4601709?sABC=64s47379%230%232qqpnss01895rqr0s8oq129o03s183o0%23fgernzf.80f80f.qr&aw_0_1st.playerid=streams.80s80s.de&amsparams=playerid:streams.80s80s.de;skey:1693741945,https://www.80s80s.de/,Germany,,"deutsch,ndw",MP3,0
80er,http://stream.laut.fm/80er,,Germany,,decades,MP3,128
80er,http://tuner.m1.fm/80er.mp3,http://m1.fm/80er.html,Germany,german,80s,MP3,128
80er Hits (by MineMusic),http://stream.laut.fm/80er-abc,https://minemusic.eu/,Germany,,"80er,oldies",MP3,128
80ER KULTNIGHT,http://streams.harmonyfm.de/hrmchannels/mp3/hq80erkultnight.m3u,https://www.harmonyfm.de/,Germany,,80s,MP3,128
80er Pop-Rock,https://stream.laut.fm/0-24_80er_pop_rock,https://laut.fm/,Germany,english,"80s,pop,rock",MP3,128
80er-Revival,https://stream.laut.fm/80er-revival,https://www.80er-revival.de/,Germany,german,"1980s,80er,italo disco,ndw,new wave,oldies,pop",MP3,128
80s christmas,https://streams.radiobob.de/bob-christmas/mp3-128,,Germany,,,MP3,0
80s Mix Radio,https://80s-mix-radio.stream.laut.fm/80s-mix-radio,,Germany,,decades,MP3,128
80s One,http://stream.laut.fm/80sone,https://www.facebook.com/groups/2013410308964804,Germany,,80s,MP3,128
80s-90s,https://stream.laut.fm/80s-90s,https://stream.laut.fm/80s-90s,Germany,,,MP3,128
80s80 Summerhits,https://streams.80s80s.de/summerhits/mp3-192/streams.80s80s.de/,https://www.80s80s.de/#,Germany,german,"80er,sommer",MP3,0
80s80s,http://streams.80s80s.de/web/mp3-192/streams.80s80s.de/,http://80s80s.de/,Germany,german,80s,MP3,0
80s80s Alternative,https://streams.80s80s.de/alternative/mp3-192,https://www.80s80s.de/radios/alternative,Germany,german,,MP3,0
80s80s Alternative,https://streams.80s80s.de/alternative/mp3-192/homepage/?mode=preroll&aw_0_1st.skey=1738141122&cb=331220736&listenerid=05c43fd92c104ae397bc0079e47a7ea7,https://www.80s80s.de/radios/alternative,Germany,german,"80's,alternative / indie",MP3,0
80s80s Bowie,http://streams.80s80s.de/bowie/mp3-192/streams.80s80s.de/,http://www.80s80s.de/,Germany,,80s,MP3,0
80s80s Breakdance,https://streams.80s80s.de/breakdance/mp3-192/homepage,https://www.80s80s.de/breakdance#,Germany,,,MP3,0
80s80s Christmas,http://streams.80s80s.de/christmas/mp3-192/streams.80s80s.de/,http://www.80s80s.de/,Germany,,"80s,christmas music",MP3,0
80s80s Dance,https://regiocast.streamabc.net/regc-80s80sdance2523717-aacplus-64-1061596,http://www.80s80s.de/,Germany,german,dance,AAC,0
80s80s Dark Wave,http://streams.80s80s.de/darkwave/mp3-192,https://www.80s80s.de/,Germany,german,dark wave,MP3,0
80s80s Dark Wave,https://regiocast.streamabc.net/regc-80s80sdarkwave3426539-mp3-192-3262123?sABC=650ss791%231%23o4no068rn383405p9qrq36n169031n09%23ubzrcntr&context=fHA6LTE=&aw_0_1st.skey=1695545233&cb=779129009&listenerid=b4ab068ea383405c9ded36a169031a09&aw_0_1st.playerid=homepage&amsparams=playerid:homepage;skey:1695545233,https://www.80s80s.de/80s80s-dark-wave,Germany,,,MP3,0
80s80s Dark Wave,https://regiocast.streamabc.net/regc-80s80sdarkwave3426539-mp3-192-3262123?sABC=650srs31%231%232645n7p950564790903q59976ors7676%23ubzrcntr&context=fHA6LTE=&aw_0_1st.skey=1695543069&cb=579463699&listenerid=2645a7c950564790903d59976bef7676&aw_0_1st.playerid=homepage&amsparams=playerid:homepage;skey:1695543089,https://www.80s80s.de/80s80s-dark-wave,Germany,,,MP3,0
80s80s Depeche Mode,http://streams.80s80s.de/dm/mp3-192/streams.80s80s.de/,http://www.80s80s.de/,Germany,,"80er,80s",MP3,0
80s80s Deutsch,http://streams.80s80s.de/deutsch/mp3-192/streams.80s80s.de/,https://www.80s80s.de/80s80s-deutsch,Germany,german,"80's,80er,80s",MP3,0
80s80s EBM,https://streams.80s80s.de/ebm/mp3-192/streams.80s80s.de/play.pls,https://80s80s.de/,Germany,,,MP3,0
80s80s Funk & Soul,http://streams.80s80s.de/soul/mp3-192/streams.80s80s.de/,http://80s80s.de/,Germany,german,,MP3,0
80s80s Funk & Soul,http://regiocast.streamabc.net/regc-80s80ssoul8277002-mp3-192-1187403?sABC=65493326%230%236080533n48sp2nrq0o4389q6o67o3qps%23fgernzf.80f80f.qr&aw_0_1st.playerid=streams.80s80s.de&amsparams=playerid:streams.80s80s.de;skey:1699296038,https://www.80s80s.de/streams/80s80s-funk-soul,Germany,,"80s,decades,funk,soul",MP3,0
80s80s In The Mix,http://streams.80s80s.de/mix/mp3-192/streams.80s80s.de/play.pls,https://www.80s80s.de/,Germany,german,"80s,mix",MP3,0
80s80s In The Mix Low Quality,http://streams.80s80s.de/mix/aac-64/streams.80s80s.de/play.m3u,https://www.80s80s.de/,Germany,german,80s,AAC,0
80s80s Italo Disco,http://regiocast.streamabc.net/regc-80s80sitalohits4327678-mp3-192-4934150?sABC=654902n3%230%232qqpnss01895rqr0s8oq129o03s183o0%23fgernzf.80f80f.qr&aw_0_1st.playerid=streams.80s80s.de&amsparams=playerid:streams.80s80s.de;skey:1699283619,https://www.80s80s.de/streams/80s80s-italo-disco,Germany,,"80s,decades,italo disco",MP3,0
80s80s Italo Hits,http://streams.80s80s.de/italohits/mp3-192/streams.80s80s.de/,https://www.80s80s.de/streams/80s80s-italo-disco,Germany,german,"192kbps,mp3",MP3,0
80s80s Live,http://regiocast.streamabc.net/regc-80s80slivemusic6529239-mp3-192-4931649?sABC=6548sop2%230%236080533n48sp2nrq0o4389q6o67o3qps%23fgernzf.80f80f.qr&aw_0_1st.playerid=streams.80s80s.de&amsparams=playerid:streams.80s80s.de;skey:1699281858,https://www.80s80s.de/80s80s-live,Germany,,"80s,concert,decades,live",MP3,0
80s80s Live,http://streams.80s80s.de/livemusic/mp3-192/streams.80s80s.de/,https://www.80s80s.de/home,Germany,,"192kbps,mp3",MP3,0
80s80s Love,http://streams.80s80s.de/love/mp3-192/streams.80s80s.de/,http://www.80s80s.de/,Germany,german,"80s,love,love songs",MP3,0
80s80s Maxis,http://regiocast.streamabc.net/regc-80s80smaxis2114493-mp3-192-5359027?sABC=65491rrn%230%232qqpnss01895rqr0s8oq129o03s183o0%23&aw_0_1st.playerid=&amsparams=playerid:;skey:1699290858,https://www.80s80s.de/80s80s-maxis,Germany,,"12inch,80s,decades,maxi,single",MP3,0
80s80s Maxis,http://streams.80s80s.de/maxis/mp3-192,https://www.80s80s.de/,Germany,,,MP3,0
80s80s MAXIS,https://streams.80s80s.de/web/mp3-192/homepage/?mode=preroll&aw_0_1st.skey=1722581044&cb=58972933&aw_0_req.userConsentV2=CQCuU8AQCuU8AAFADBDEA9EsAP_gAAAAAAYgIchBRCoUTWEAIXgxAMsAGYAUgAAQAEAQAACAACABABAAIAQAkAAAIAQAAAACAQAAIAIBAAAEAAAEBAAAAAAEABDAAAAAgAEIIABAAAAAAAIAAAAAAAAAAAAAAAAREAAAmQAAAEKEAEAAAAAAAAAAAAAAAAAFAgMAAAAAAAIAAAAAAgAAAAAAAAIGCQAgAcAMEALDQAYAAghyIgAwABBDkVABgACCHIyADAAEEOQUAGAAIIchIAMAAQQ5HQAYAAghyQgAwABBDklABgACCHJSADAAEEOS0AGAAIIcgAAA.YAAAAAAAAAAA&aw_0_1st.playerid=80s80s_web&listenerid=48213c18339e02bbc93dc6ed298c2192,https://www.80s80s.de/80s80s-maxis,Germany,,,MP3,0
101.3 KDWB,https://ample.revma.ihrhls.com/zc1201/73_mjuuisvr6gbl02/playlist.m3u8,https://kdwb.iheart.com/,The United States Of America,english,,UNKNOWN,0
104.3 DWAY FM Legazpi,https://sg-icecast.eradioportal.com:8443/febc_dway,https://dway.febc.ph/,The Philippines,,,MP3,320
"1395kHz DWMG-am Solano, Nueva Vizcaya, Philippines",http://www.bigsoundfm.com:2199/tunein/dwmgtoa.pls,https://www.vanguardradionetwork.com/mainmenu.php,The Philippines,,,MP3,96
2BRW Braidwood FM,https://audio-edge-5bkfj.fra.h.radiomast.io/ba864be6-11d1-4e13-aa74-f8e8781f64f6,https://braidwoodradio.com.au/,Australia,english,"braidwood,classic rock,communiy,variety",AAC,144
80s80s NDW,http://streams.80s80s.de/ndw/mp3-192/streams.80s80s.de/,http://www.80s80s.de/,Germany,,"80s,ndw",MP3,0
98.7 Mutundwe Christian Fellowship ,https://streams.radio.co/s79fbbb432/listen,http://www.mutundwechristianfellowship.org/,Uganda,luganda,christian,MP3,128
Adwaafm,http://stream.zeno.fm/5bxh2nh0x1zuv?1681882617017,https://www.adwaafm.com/,Morocco,arabic,,MP3,0
Amsterdam Funk Channel (AFC) low bandwidth,https://stream.afc.fm/index.html?sid=2,https://www.afc.fm/,The Netherlands,"dutch,english","80's,90's,funk,r&b,soul",MP3,192
Antenne Bayern NDW,https://s5-webradio.antenne.de/antenne-bayern-ndw/stream/mp3,https://www.antenne.de/webradio/ndw,Germany,german,ndw,MP3,128
Australian Digital Radio Network - Worldwide Indie Music (MP3),http://abm21.com.au:8000/CONTAINER15,http://www.australiandigitalradio.com/,Australia,english,"indie,world music",MP3,128
Braidwood Radio,https://audio-edge-fp8o9.yyz.d.radiomast.io/ba864be6-11d1-4e13-aa74-f8e8781f64f6,http://www.braidwoodradio.com.au/,Australia,,,AAC,112
CARE 104.3 DWAY-FM Legazpi ,http://sg-icecast.eradioportal.com:8000/febc_dway,https://dway.febc.ph/,The Philippines,,,MP3,320
Chocolate FM [calidad móvil-low bandwidth],http://streaming5.elitecomunicacion.es:8082/live32.aac,https://www.chocolatefm.com/,Spain,spanish,"chr,dance,español,latin,latin music,latino,low bandwidth,pop,pop latino,reggaeton,top 40,trap",AAC+,32
DW Amharic ,https://dw.audiostream.io/dw/1027/mp3/64/dw08,https://yonaskassahun011.wixsite.com/selamcoffee-1,Ethiopia,oromo amharic somali,news,MP3,64
DW English HD,https://dwamdstream102.akamaized.net/hls/live/2015525/dwstream102/index.m3u8,https://www.dw.com/en/live-tv/channel-english,Germany,"english,german","3sat,ard,auslandsfernsehen,berlin,bundestag,deutsche welle,dw english,nachrichten,news,phoenix,politics,staatsfernsehen,tagesschau24,zdf",AAC,1060
Bayern 3,https://dispatcher.rndfnk.com/br/br3/live/mp3/mid,https://www.bayern3.de/,Germany,german,pop,MP3,128
